小区名称,类型,区域(行政区),商圈板块,城市,数据来源
富颐星城公馆,商业,嘉定,丰庄,上海,fang.com
金沙丽晶苑二期,商业,嘉定,丰庄,上海,fang.com
V格时代广场商住楼,商业,嘉定,丰庄,上海,fang.com
湖畔天下商住楼,商业,嘉定,南翔,上海,fang.com
旭辉U天地商住楼,商业,嘉定,南翔,上海,fang.com
安居时代广场商住楼,商业,嘉定,南翔,上海,fang.com
海伦堡爱ME城市,商业,嘉定,南翔,上海,fang.com
金地格林公馆商住楼,商业,嘉定,南翔,上海,fang.com
嘉天下休闲广场商住楼,商业,嘉定,南翔,上海,fang.com
连飞虹湖天地商住楼,商业,嘉定,南翔,上海,fang.com
南翔镇民主街商住楼,商业,嘉定,南翔,上海,fang.com
青年创社,商业,嘉定,南翔,上海,fang.com
世盟壹天地商住楼,商业,嘉定,南翔,上海,fang.com
上隽嘉苑商住楼,商业,嘉定,南翔,上海,fang.com
通用国际商住楼,商业,嘉定,南翔,上海,fang.com
新城公馆商住楼,商业,嘉定,南翔,上海,fang.com
祥源福邸商住楼,商业,嘉定,南翔,上海,fang.com
新华悦都商住楼,商业,嘉定,南翔,上海,fang.com
铂悦818商住楼,商业,嘉定,嘉定城区,上海,fang.com
复华购物广场,商业,嘉定,嘉定城区,上海,fang.com
红土天阶商住楼,商业,嘉定,嘉定城区,上海,fang.com
汇城公寓商住楼,商业,嘉定,嘉定城区,上海,fang.com
嘉福汇商住楼,商业,嘉定,嘉定城区,上海,fang.com
嘉领国际商住楼,商业,嘉定,嘉定城区,上海,fang.com
嘉新公路226-1号,商业,嘉定,嘉定城区,上海,fang.com
新城香溢都荟,商业,嘉定,嘉定城区,上海,fang.com
悦华公寓商住楼,商业,嘉定,嘉定城区,上海,fang.com
保利湖畔阳光苑商住楼,商业,嘉定,嘉定新城,上海,fang.com
创融嘉天地商住楼,商业,嘉定,嘉定新城,上海,fang.com
光明D9空间商住楼,商业,嘉定,嘉定新城,上海,fang.com
合景峰汇,商业,嘉定,嘉定新城,上海,fang.com
晶鼎大厦商住楼,商业,嘉定,嘉定新城,上海,fang.com
骏丰玲珑坊青俊公馆,商业,嘉定,嘉定新城,上海,fang.com
秀泰天地商业广场,商业,嘉定,嘉定新城,上海,fang.com
澳丰御府,商业,嘉定,嘉定新城,上海,fang.com
保利天琴宇商业别墅,商业,嘉定,嘉定新城,上海,fang.com
光明D9商住楼,商业,嘉定,嘉定新城,上海,fang.com
合景理想家商住楼,商业,嘉定,嘉定新城,上海,fang.com
汇豪新天地商住楼,商业,嘉定,嘉定新城,上海,fang.com
海伦广场商住楼,商业,嘉定,嘉定新城,上海,fang.com
花圃小镇(上海包装城),商业,嘉定,嘉定新城,上海,fang.com
弘德丽苑,商业,嘉定,嘉定新城,上海,fang.com
嘉域生活广场商住楼,商业,嘉定,嘉定新城,上海,fang.com
嘉隆骏,商业,嘉定,嘉定新城,上海,fang.com
绿地卡米公社商住楼,商业,嘉定,嘉定新城,上海,fang.com
领创国际大厦商住楼,商业,嘉定,嘉定新城,上海,fang.com
明发嘉定中心商住楼,商业,嘉定,嘉定新城,上海,fang.com
明发商业广场商住楼,商业,嘉定,嘉定新城,上海,fang.com
盘古天地商住楼,商业,嘉定,嘉定新城,上海,fang.com
上影广场商住楼,商业,嘉定,嘉定新城,上海,fang.com
尚品商住楼,商业,嘉定,嘉定新城,上海,fang.com
新城金郡M11金座,商业,嘉定,嘉定新城,上海,fang.com
新城金郡SOHO,商业,嘉定,嘉定新城,上海,fang.com
旭辉华庭商住楼,商业,嘉定,嘉定新城,上海,fang.com
新城明发商业广场商住楼,商业,嘉定,嘉定新城,上海,fang.com
新城金郡商住楼,商业,嘉定,嘉定新城,上海,fang.com
禧福汇商住楼,商业,嘉定,嘉定新城,上海,fang.com
阳光葡提公馆,商业,嘉定,嘉定新城,上海,fang.com
左岸香堤商住楼,商业,嘉定,嘉定新城,上海,fang.com
上海国际机电五金城,商业,嘉定,安亭,上海,fang.com
世昶生活广场商住楼,商业,嘉定,安亭,上海,fang.com
泊寓城市青年家,商业,嘉定,安亭,上海,fang.com
北虹桥松日29广场商住楼,商业,嘉定,安亭,上海,fang.com
底特律财富天地公寓商住楼,商业,嘉定,安亭,上海,fang.com
底特律财富天地商住楼,商业,嘉定,安亭,上海,fang.com
汇尊国际,商业,嘉定,安亭,上海,fang.com
嘉鑫国际,商业,嘉定,安亭,上海,fang.com
瑞立万立城,商业,嘉定,安亭,上海,fang.com
尚都国际,商业,嘉定,安亭,上海,fang.com
唐韵大厦商住楼,商业,嘉定,安亭,上海,fang.com
嘉隆国际,商业,嘉定,徐行,上海,fang.com
佳兆业城市广场商住楼,商业,嘉定,徐行,上海,fang.com
中茂世纪财富广场商住楼,商业,嘉定,徐行,上海,fang.com
慧创新视界商住楼,商业,嘉定,江桥,上海,fang.com
江桥万达,商业,嘉定,江桥,上海,fang.com
曹安路2266号小区,商业,嘉定,江桥,上海,fang.com
靖远路1518号小区,商业,嘉定,江桥,上海,fang.com
绿地新江桥城商住楼,商业,嘉定,江桥,上海,fang.com
临夏路796号小区,商业,嘉定,江桥,上海,fang.com
Max未来商住楼,商业,嘉定,江桥,上海,fang.com
雯婕商务楼商住楼,商业,嘉定,江桥,上海,fang.com
万达财富中心商住楼,商业,嘉定,江桥,上海,fang.com
吴杨东路413号小区,商业,嘉定,江桥,上海,fang.com
宝园四路475号,商业,嘉定,江桥,上海,fang.com
C9连锁公寓,商业,嘉定,江桥,上海,fang.com
V领地曹安公路店,商业,嘉定,江桥,上海,fang.com
保利·爱情故事商住楼,商业,嘉定,菊园新区,上海,fang.com
鼎固商业中心商住楼,商业,嘉定,菊园新区,上海,fang.com
魔方社区,商业,嘉定,菊园新区,上海,fang.com
新城悠活城商住楼,商业,嘉定,菊园新区,上海,fang.com
东方慧谷商住楼,商业,嘉定,马陆,上海,fang.com
方舟时代广场商住楼,商业,嘉定,马陆,上海,fang.com
绿地翡翠国际广场商住楼,商业,奉贤,南桥,上海,fang.com
锦绣公寓商住楼,商业,奉贤,南桥,上海,fang.com
悦达南郊华都商住楼,商业,奉贤,奉贤其他,上海,fang.com
恒龙金尊广场,商业,奉贤,奉贤其他,上海,fang.com
金水领寓,商业,奉贤,奉贤其他,上海,fang.com
汤臣臻园商住楼,商业,奉贤,奉贤其他,上海,fang.com
望园晶典,商业,奉贤,奉贤其他,上海,fang.com
望园豪庭商住楼,商业,奉贤,奉贤其他,上海,fang.com
卓越世纪中心公寓商住楼,商业,奉贤,奉贤其他,上海,fang.com
临港悦天地,商业,奉贤,海湾,上海,fang.com
临港公园里商住楼,商业,奉贤,海湾,上海,fang.com
世茂爱马尚郡公寓商住楼,商业,奉贤,海湾,上海,fang.com
环城东路323号小区,商业,奉贤,西渡,上海,fang.com
合并小区04,商业,奉贤,金汇镇,上海,fang.com
东方华璟园商住楼,商业,奉贤,青村,上海,fang.com
绿地领海商住楼,商业,宝山,上大,上海,fang.com
金地艺境酒店公寓,商业,宝山,上大,上海,fang.com
共富二村商住楼,商业,宝山,共富,上海,fang.com
竞成商务楼,商业,宝山,共康,上海,fang.com
卓越时代广场公寓,商业,宝山,共康,上海,fang.com
大智公寓,商业,宝山,共康,上海,fang.com
栋霖科技园,商业,宝山,共康,上海,fang.com
宇业生活广场,商业,宝山,共康,上海,fang.com
上坤极客公寓,商业,宝山,共康通河,上海,fang.com
龙湖北城天街(50弄),商业,宝山,刘行,上海,fang.com
沪太路1598号大楼,商业,宝山,大华,上海,fang.com
大华虎城第三空间,商业,宝山,大华,上海,fang.com
大华爱宅,商业,宝山,大华,上海,fang.com
皇室堡酒店公寓,商业,宝山,大华,上海,fang.com
蓝玉米公寓,商业,宝山,大场镇,上海,fang.com
中环一号商住楼,商业,宝山,大场镇,上海,fang.com
通田商住楼,商业,宝山,张庙,上海,fang.com
月浦八村商住楼,商业,宝山,月浦,上海,fang.com
绿地海域笙晖,商业,宝山,杨行,上海,fang.com
安达曼广场,商业,宝山,杨行,上海,fang.com
宝地绿洲城商住楼,商业,宝山,杨行,上海,fang.com
宝安公路95号小区,商业,宝山,杨行,上海,fang.com
东智商务广场商住楼,商业,宝山,杨行,上海,fang.com
复地领馆商住楼,商业,宝山,杨行,上海,fang.com
晶钢商务馆,商业,宝山,杨行,上海,fang.com
中铁北城时代商住楼,商业,宝山,杨行,上海,fang.com
上海三湘海尚,商业,宝山,淞南,上海,fang.com
逸兴家园,商业,宝山,淞南,上海,fang.com
和欣假日公寓,商业,宝山,淞南,上海,fang.com
逸隆休闲广场,商业,宝山,淞南,上海,fang.com
中环SOHO未来商住楼,商业,宝山,淞南,上海,fang.com
青年居公寓,商业,宝山,淞南,上海,fang.com
上海新起点公寓,商业,宝山,淞南,上海,fang.com
祥腾生活广场,商业,宝山,淞南,上海,fang.com
宝宸怡秀园商住楼,商业,宝山,淞宝,上海,fang.com
白玉兰花园商住楼,商业,宝山,淞宝,上海,fang.com
瑞华宝都写字楼,写字楼,宝山,淞宝,上海,fang.com
星月国际商务广场商住楼,商业,宝山,淞宝,上海,fang.com
淞滨路500号,商业,宝山,淞宝,上海,fang.com
上置美兰优湖,商业,宝山,罗店,上海,fang.com
美兰湖U天地,商业,宝山,罗店,上海,fang.com
大华兰湖天境商住楼,商业,宝山,罗店,上海,fang.com
MAX科技园商住楼,商业,宝山,罗店,上海,fang.com
魔族国际青年社区,商业,宝山,罗店,上海,fang.com
上置名人天地,商业,宝山,罗店,上海,fang.com
远洋7号SOHO公寓,商业,宝山,罗店,上海,fang.com
远洋7号商住楼,商业,宝山,罗店,上海,fang.com
好家园商住楼,商业,宝山,通河,上海,fang.com
绿地风尚天地商住楼,商业,宝山,通河,上海,fang.com
友家公寓,商业,宝山,通河,上海,fang.com
绿地北郊广场商住楼,商业,宝山,顾村,上海,fang.com
绿地公元1860·摩登公馆,商业,宝山,顾村,上海,fang.com
龙湖北城天街商住楼,商业,宝山,顾村,上海,fang.com
顾村爱建园商住楼,商业,宝山,顾村,上海,fang.com
顾太路180号小区,商业,宝山,顾村,上海,fang.com
绿地正大缤纷城,商业,宝山,顾村,上海,fang.com
绿地公园广场商住楼,商业,宝山,顾村,上海,fang.com
绿地海樾商住楼,商业,宝山,顾村,上海,fang.com
上坤乐城,商业,宝山,顾村,上海,fang.com
上坤公园天地商住楼,商业,宝山,顾村,上海,fang.com
微时光商厦,商业,宝山,顾村,上海,fang.com
招商时代乐章商住楼,商业,宝山,顾村,上海,fang.com
景瑞遇道,商业,宝山,高境,上海,fang.com
尚景天地,商业,宝山,高境,上海,fang.com
绿地瀛洲商务城,商业,崇明,南门,上海,fang.com
瀛通金鳌山公寓商住楼,商业,崇明,南门,上海,fang.com
凤凰花苑(崇明)商住楼,商业,崇明,长兴岛,上海,fang.com
长岛天地,商业,崇明,长兴岛,上海,fang.com
北海大厦公寓,商业,徐汇,万体馆,上海,fang.com
爱中爱华大厦,商业,徐汇,万体馆,上海,fang.com
凌云壹街坊,商业,徐汇,华东理工,上海,fang.com
河滨国际公寓,商业,徐汇,康健,上海,fang.com
光大会展中心,商业,徐汇,康健,上海,fang.com
康健大楼,商业,徐汇,康健,上海,fang.com
钦州路109弄1号,商业,徐汇,康健,上海,fang.com
圣骊家园商住楼,商业,徐汇,康健,上海,fang.com
裕华大厦,商业,徐汇,建国西路,上海,fang.com
巴黎时韵商住楼,商业,徐汇,建国西路,上海,fang.com
鼎新大楼商住楼,商业,徐汇,建国西路,上海,fang.com
华泰大厦公寓,商业,徐汇,建国西路,上海,fang.com
金环大厦商住楼,商业,徐汇,建国西路,上海,fang.com
尚街loft商住楼,商业,徐汇,建国西路,上海,fang.com
阳光四季公寓,商业,徐汇,建国西路,上海,fang.com
魔方公寓徐家汇公园店,商业,徐汇,建国西路,上海,fang.com
实业公寓,商业,徐汇,徐家汇,上海,fang.com
嘉汇广场,商业,徐汇,徐家汇,上海,fang.com
枫林大楼,商业,徐汇,徐家汇,上海,fang.com
汇金广场,商业,徐汇,徐家汇,上海,fang.com
通汇公寓,商业,徐汇,徐家汇,上海,fang.com
嘉汇国际广场商住楼,商业,徐汇,徐家汇,上海,fang.com
尚光徐汇中心商住楼,商业,徐汇,徐家汇,上海,fang.com
新亚徐汇公寓,商业,徐汇,徐家汇,上海,fang.com
北科大厦商住楼,商业,徐汇,徐家汇,上海,fang.com
汇金广场公寓,商业,徐汇,徐家汇,上海,fang.com
爱建大厦公寓商住楼,商业,徐汇,徐家汇,上海,fang.com
宏汇大厦写字楼,写字楼,徐汇,徐家汇,上海,fang.com
衡山坊,商业,徐汇,徐家汇,上海,fang.com
汇翠花园写字楼,写字楼,徐汇,徐家汇,上海,fang.com
嘉汇广场写字楼,写字楼,徐汇,徐家汇,上海,fang.com
实业公寓写字楼,写字楼,徐汇,徐家汇,上海,fang.com
上影广场(徐汇)商住楼,商业,徐汇,徐家汇,上海,fang.com
徐家汇中心商住楼,商业,徐汇,徐家汇,上海,fang.com
景泰大厦,商业,徐汇,斜土路,上海,fang.com
金巢铂瑞阁商住楼,商业,徐汇,斜土路,上海,fang.com
泰莱大厦,商业,徐汇,斜土路,上海,fang.com
申晖大厦,商业,徐汇,斜土路,上海,fang.com
银亿徐汇酩悦,商业,徐汇,斜土路,上海,fang.com
银亿徐汇酩悦写字楼,写字楼,徐汇,斜土路,上海,fang.com
城家公寓(大木桥店),商业,徐汇,斜土路,上海,fang.com
诚达创意园商住楼,商业,徐汇,漕河泾,上海,fang.com
苍梧路5号小区,商业,徐汇,漕河泾,上海,fang.com
虹漕大楼,商业,徐汇,漕河泾,上海,fang.com
新安大楼,商业,徐汇,漕河泾,上海,fang.com
环线广场商住楼,商业,徐汇,田林,上海,fang.com
百第宜山大楼,商业,徐汇,田林,上海,fang.com
凯托大厦写字楼,写字楼,徐汇,田林,上海,fang.com
立信大厦公寓商住楼,商业,徐汇,田林,上海,fang.com
汉庭公寓,商业,徐汇,田林,上海,fang.com
东亚公寓,商业,徐汇,衡山路,上海,fang.com
高安公寓,商业,徐汇,衡山路,上海,fang.com
湖南路305号商住楼,商业,徐汇,衡山路,上海,fang.com
联业大厦,商业,徐汇,衡山路,上海,fang.com
欧江大厦,商业,徐汇,衡山路,上海,fang.com
瑞华公寓,商业,徐汇,衡山路,上海,fang.com
信联公寓商住楼,商业,徐汇,衡山路,上海,fang.com
永嘉路750号大厦,商业,徐汇,衡山路,上海,fang.com
众联别墅,商业,徐汇,衡山路,上海,fang.com
兴屯公寓,商业,徐汇,长桥,上海,fang.com
华富大厦商住楼,商业,徐汇,龙华,上海,fang.com
中煌大厦商住楼,商业,徐汇,龙华,上海,fang.com
海珀旭晖国际服务公寓,商业,徐汇,龙华,上海,fang.com
铭源大楼写字楼,写字楼,徐汇,龙华,上海,fang.com
望族城写字楼,写字楼,徐汇,龙华,上海,fang.com
迪凡公寓,商业,徐汇,龙华,上海,fang.com
富杉建材商业街,商业,普陀,万里,上海,fang.com
万里城商住楼,商业,普陀,万里,上海,fang.com
嘉富利大厦,商业,普陀,光新,上海,fang.com
上海新体育广场商住楼,商业,普陀,光新,上海,fang.com
城公大厦商住楼,商业,普陀,光新,上海,fang.com
融创香溢天地商住楼,商业,普陀,光新,上海,fang.com
石泉大厦商住楼,商业,普陀,光新,上海,fang.com
宁珊公寓,商业,普陀,光新,上海,fang.com
悠诗阁酒店公寓,商业,普陀,宜川,上海,fang.com
万业新阶酒店式公寓,商业,普陀,宜川,上海,fang.com
安天大厦商住楼,商业,普陀,曹杨,上海,fang.com
嘉安大厦,商业,普陀,曹杨,上海,fang.com
五星公寓商住楼,商业,普陀,曹杨,上海,fang.com
中山北路3345号,商业,普陀,曹杨,上海,fang.com
同进理想城,商业,普陀,桃浦,上海,fang.com
李子园大厦商住楼,商业,普陀,桃浦,上海,fang.com
康健商务广场商住楼,商业,普陀,桃浦,上海,fang.com
上海国际包装印刷城商住楼,商业,普陀,桃浦,上海,fang.com
爱享公寓,商业,普陀,桃浦,上海,fang.com
绿地同创大厦商住楼,商业,普陀,武宁,上海,fang.com
金阳大厦商住楼,商业,普陀,武宁,上海,fang.com
万业新阶商住楼,商业,普陀,武宁,上海,fang.com
大华清水湾花园商业楼,商业,普陀,武宁,上海,fang.com
凯旋北路1495号,商业,普陀,武宁,上海,fang.com
康泰公寓商住楼,商业,普陀,武宁,上海,fang.com
绿地世纪城,商业,普陀,武宁,上海,fang.com
隆德大楼,商业,普陀,武宁,上海,fang.com
绿洲广场商住楼,商业,普陀,武宁,上海,fang.com
深建大厦,商业,普陀,武宁,上海,fang.com
新湖明珠城商住楼,商业,普陀,武宁,上海,fang.com
中环大厦写字楼,写字楼,普陀,武宁,上海,fang.com
中岚大楼写字楼,写字楼,普陀,武宁,上海,fang.com
中瑞商务大厦,商业,普陀,武宁,上海,fang.com
中联大厦商住楼,商业,普陀,武宁,上海,fang.com
靓巢公寓,商业,普陀,武宁,上海,fang.com
上海开蓝酒店式公寓,商业,普陀,武宁,上海,fang.com
长富大厦公寓商住楼,商业,普陀,甘泉,上海,fang.com
一晟公寓,商业,普陀,甘泉,上海,fang.com
真情公寓商住楼,商业,普陀,真光,上海,fang.com
高尚领域商住楼,商业,普陀,真如,上海,fang.com
迷你公馆,商业,普陀,真如,上海,fang.com
天汇广场酒店式公寓,商业,普陀,真如,上海,fang.com
天赐苑商住楼,商业,普陀,真如,上海,fang.com
天汇广场商住楼,商业,普陀,真如,上海,fang.com
星光域商住楼,商业,普陀,真如,上海,fang.com
阳光西班牙商住楼,商业,普陀,真如,上海,fang.com
源达国际商住楼,商业,普陀,长寿路,上海,fang.com
华生大厦,商业,普陀,长寿路,上海,fang.com
常德大厦商住楼,商业,普陀,长寿路,上海,fang.com
飞雕商务大厦商住楼,商业,普陀,长寿路,上海,fang.com
沙田大厦公寓,商业,普陀,长寿路,上海,fang.com
星海大厦,商业,普陀,长寿路,上海,fang.com
澳门大厦,商业,普陀,长寿路,上海,fang.com
富丽大厦商住楼,商业,普陀,长寿路,上海,fang.com
玉城大厦,商业,普陀,长寿路,上海,fang.com
宝都大厦公寓,商业,普陀,长寿路,上海,fang.com
长寿苑商住楼,商业,普陀,长寿路,上海,fang.com
长久大厦公寓,商业,普陀,长寿路,上海,fang.com
CITY155商住楼,商业,普陀,长寿路,上海,fang.com
德诚大厦办公楼,商业,普陀,长寿路,上海,fang.com
芳华公寓商住楼,商业,普陀,长寿路,上海,fang.com
工行大楼,商业,普陀,长寿路,上海,fang.com
工商银行大楼,商业,普陀,长寿路,上海,fang.com
湖南大厦商住楼,商业,普陀,长寿路,上海,fang.com
河滨围城商住楼,商业,普陀,长寿路,上海,fang.com
荣联公寓写字楼,写字楼,普陀,长寿路,上海,fang.com
上青佳园写字楼,写字楼,普陀,长寿路,上海,fang.com
莘远大厦,商业,普陀,长寿路,上海,fang.com
圣天地商务楼商住楼,商业,普陀,长寿路,上海,fang.com
新天大厦,商业,普陀,长寿路,上海,fang.com
悦达国际大厦商住楼,商业,普陀,长寿路,上海,fang.com
博硕楼,商业,普陀,长寿路,上海,fang.com
金沙商务广场商住楼,商业,普陀,长征,上海,fang.com
地中海之恋商住楼,商业,普陀,长征,上海,fang.com
同普大厦,商业,普陀,长征,上海,fang.com
香樟荟商住楼,商业,普陀,长征,上海,fang.com
建华大厦,商业,普陀,长风,上海,fang.com
长风大楼,商业,普陀,长风,上海,fang.com
汇银铭尊一期汇银河滨一号,商业,普陀,长风,上海,fang.com
朗诗藏峰商住楼,商业,普陀,长风,上海,fang.com
申汉大厦商住楼,商业,普陀,长风,上海,fang.com
苏宁天御国际广场商住楼,商业,普陀,长风,上海,fang.com
艺尚铂丽公馆,商业,普陀,长风,上海,fang.com
中天SOHO,商业,普陀,长风,上海,fang.com
中建壹品·华忻坊,商业,杨浦,东外滩,上海,fang.com
海桐精品酒店公寓,商业,杨浦,东外滩,上海,fang.com
133世界广场,商业,杨浦,中原,上海,fang.com
财富商业广场写字楼,写字楼,杨浦,中原,上海,fang.com
莱茵半岛商住楼,商业,杨浦,中原,上海,fang.com
翔鹰大楼,商业,杨浦,中原,上海,fang.com
翔殷科技大厦,商业,杨浦,中原,上海,fang.com
和美佳公寓,商业,杨浦,中原,上海,fang.com
财富国际广场,商业,杨浦,五角场,上海,fang.com
创智坊商住楼,商业,杨浦,五角场,上海,fang.com
东方家园商住楼,商业,杨浦,五角场,上海,fang.com
华宏大厦,商业,杨浦,五角场,上海,fang.com
无锡大厦写字楼,写字楼,杨浦,五角场,上海,fang.com
杨浦大楼,商业,杨浦,五角场,上海,fang.com
中环国际大厦,商业,杨浦,五角场,上海,fang.com
中环国际,商业,杨浦,五角场,上海,fang.com
中通公寓商住楼,商业,杨浦,五角场,上海,fang.com
城家公寓(五角场店),商业,杨浦,五角场,上海,fang.com
复华商业精品公寓,商业,杨浦,五角场,上海,fang.com
武东路311号,商业,杨浦,五角场,上海,fang.com
学缘公寓五角场店,商业,杨浦,五角场,上海,fang.com
龙泽大厦,商业,杨浦,周家嘴路,上海,fang.com
郡江国际大厦商住楼,商业,杨浦,周家嘴路,上海,fang.com
国威大厦商住楼,商业,杨浦,周家嘴路,上海,fang.com
克拉玛依大厦写字楼,写字楼,杨浦,周家嘴路,上海,fang.com
联升大厦商住楼,商业,杨浦,周家嘴路,上海,fang.com
魔方公寓内江店,商业,杨浦,周家嘴路,上海,fang.com
尚发大厦商住楼,商业,杨浦,周家嘴路,上海,fang.com
中通大厦,商业,杨浦,周家嘴路,上海,fang.com
复旦软件园智慧新天地公寓,商业,杨浦,周家嘴路,上海,fang.com
魔方公寓宁国路店,商业,杨浦,周家嘴路,上海,fang.com
魔方公寓内江路店,商业,杨浦,周家嘴路,上海,fang.com
天霞宾馆,商业,杨浦,周家嘴路,上海,fang.com
聚航公寓,商业,杨浦,控江路,上海,fang.com
易佰连锁酒店,商业,杨浦,控江路,上海,fang.com
三湘未来海岸商住楼,商业,杨浦,新江湾城,上海,fang.com
江湾68公馆,商业,杨浦,新江湾城,上海,fang.com
仁恒怡庭公寓商住楼,商业,杨浦,新江湾城,上海,fang.com
三湘未来海岸写字楼,写字楼,杨浦,新江湾城,上海,fang.com
爱家公寓五角场店,商业,杨浦,新江湾城,上海,fang.com
彩虹小居,商业,杨浦,新江湾城,上海,fang.com
东方星座,商业,杨浦,鞍山,上海,fang.com
凤凰大楼写字楼,写字楼,杨浦,鞍山,上海,fang.com
凤凰大楼,商业,杨浦,鞍山,上海,fang.com
贵人大厦,商业,杨浦,鞍山,上海,fang.com
哈佛公寓商住楼,商业,杨浦,鞍山,上海,fang.com
和平花苑二期商住楼,商业,杨浦,鞍山,上海,fang.com
莱克大厦,商业,杨浦,鞍山,上海,fang.com
申安公寓商住楼,商业,杨浦,鞍山,上海,fang.com
旭辉海上国际,商业,杨浦,鞍山,上海,fang.com
蓝海·城市家,商业,杨浦,黄兴公园,上海,fang.com
华美达大酒店,商业,杨浦,黄兴公园,上海,fang.com
白玉兰环保广场商住楼,商业,杨浦,黄兴公园,上海,fang.com
法朵公寓,商业,杨浦,黄兴公园,上海,fang.com
海尚杰座,商业,杨浦,黄兴公园,上海,fang.com
翔顺公寓商住楼,商业,杨浦,黄兴公园,上海,fang.com
营口大厦商住楼,商业,杨浦,黄兴公园,上海,fang.com
蓝海城市家公寓,商业,杨浦,黄兴公园,上海,fang.com
九亭中心商住楼,商业,松江,九亭,上海,fang.com
九亭U天地商住楼,商业,松江,九亭,上海,fang.com
绿景世都商住楼,商业,松江,九亭,上海,fang.com
朗庭上郡苑商住楼,商业,松江,九亭,上海,fang.com
乐家人才公寓,商业,松江,九亭,上海,fang.com
上海九久青年城二期,商业,松江,九亭,上海,fang.com
秀森大厦,商业,松江,九亭,上海,fang.com
象屿品城商住楼,商业,松江,九亭,上海,fang.com
紫金花园商住楼,商业,松江,九亭,上海,fang.com
驰久公寓,商业,松江,九亭,上海,fang.com
九亭大街酒店式公寓,商业,松江,九亭,上海,fang.com
锦江之星酒店式公寓,商业,松江,九亭,上海,fang.com
久富大厦,商业,松江,九亭,上海,fang.com
瑞松公寓,商业,松江,九亭,上海,fang.com
索纳特酒店公寓,商业,松江,九亭,上海,fang.com
上宁公寓,商业,松江,九亭,上海,fang.com
佘山高尔夫郡商住楼,商业,松江,佘山,上海,fang.com
佘山新天地休闲广场写字楼,写字楼,松江,佘山,上海,fang.com
中电信息港,商业,松江,佘山,上海,fang.com
佘山新天地酒店式公寓,商业,松江,佘山,上海,fang.com
东渡时代,商业,松江,新桥,上海,fang.com
弘公馆,商业,松江,新桥,上海,fang.com
华泽新苑商住楼,商业,松江,新桥,上海,fang.com
龙麒苑,商业,松江,新桥,上海,fang.com
万宇荣盛阳光苑商住楼,商业,松江,新桥,上海,fang.com
三迪曼哈顿商住楼,商业,松江,松江大学城,上海,fang.com
中展瑞景商住楼,商业,松江,松江大学城,上海,fang.com
嘉立国际广场,商业,松江,松江大学城,上海,fang.com
松江万达广场写字楼,写字楼,松江,松江大学城,上海,fang.com
保利西子湾商住楼,商业,松江,松江大学城,上海,fang.com
大学城松云水苑商住楼,商业,松江,松江大学城,上海,fang.com
马利来名人府,商业,松江,松江大学城,上海,fang.com
山水景苑商住楼,商业,松江,松江大学城,上海,fang.com
上林苑二期商住楼,商业,松江,松江大学城,上海,fang.com
三湘四季花城三期商住楼,商业,松江,松江大学城,上海,fang.com
三湘四季花城牡丹苑商住楼,商业,松江,松江大学城,上海,fang.com
三迪曼哈顿二期,商业,松江,松江大学城,上海,fang.com
万科梦想派商住楼,商业,松江,松江大学城,上海,fang.com
西外公馆,商业,松江,松江大学城,上海,fang.com
中展爱情海,商业,松江,松江大学城,上海,fang.com
龙湖新壹城公寓,商业,松江,松江新城,上海,fang.com
恒都广场公寓商住楼,商业,松江,松江新城,上海,fang.com
开元地中海,商业,松江,松江新城,上海,fang.com
东鼎名人府邸(松江)商住楼,商业,松江,松江新城,上海,fang.com
国乐广场,商业,松江,松江新城,上海,fang.com
湖畔尚品写字楼,写字楼,松江,松江新城,上海,fang.com
皇骐爱丽舍商住楼,商业,松江,松江新城,上海,fang.com
嘉和写字楼,写字楼,松江,松江新城,上海,fang.com
文翔公寓,商业,松江,松江新城,上海,fang.com
文荟峰景商住楼,商业,松江,松江新城,上海,fang.com
智慧U谷,商业,松江,松江新城,上海,fang.com
紫东新苑商住楼,商业,松江,松江新城,上海,fang.com
昊韬公寓,商业,松江,松江新城,上海,fang.com
港湾新城商住楼,商业,松江,松江老城,上海,fang.com
金海岸休闲广场,商业,松江,松江老城,上海,fang.com
龙潭苑南商住楼,商业,松江,松江老城,上海,fang.com
品尚雅阁,商业,松江,松江老城,上海,fang.com
浦南公寓,商业,松江,松江老城,上海,fang.com
申喜小区,商业,松江,松江老城,上海,fang.com
万科红人馆,商业,松江,松江老城,上海,fang.com
耀江花苑商住楼,商业,松江,松江老城,上海,fang.com
创湾白领公寓,商业,松江,松江老城,上海,fang.com
联诚公寓,住宅,松江,松江老城,上海,fang.com
松东路191号,商业,松江,松江老城,上海,fang.com
兆记公寓,商业,松江,松江老城,上海,fang.com
新浜领寓,商业,松江,枫泾,上海,fang.com
九洲星耀福邸,商业,松江,泗泾,上海,fang.com
凤君大厦商住楼,商业,松江,泗泾,上海,fang.com
华润佘山九里二期商住楼,商业,松江,泗泾,上海,fang.com
晶尚坊,商业,松江,泗泾,上海,fang.com
九洲世贸,商业,松江,泗泾,上海,fang.com
金地自在城二期商住楼,商业,松江,泗泾,上海,fang.com
米兰诺贵都商住楼,商业,松江,泗泾,上海,fang.com
欧洲城,商业,松江,泗泾,上海,fang.com
三湘商业广场写字楼,写字楼,松江,泗泾,上海,fang.com
同润菲诗艾伦商住楼,商业,松江,泗泾,上海,fang.com
蓝亭公寓,商业,松江,泗泾,上海,fang.com
其灵公寓,商业,松江,泗泾,上海,fang.com
松江铂金公馆,商业,松江,泗泾,上海,fang.com
洞泾综合市场,商业,松江,洞泾,上海,fang.com
海茂公寓商住楼,商业,松江,洞泾,上海,fang.com
美善新天地,商业,松江,洞泾,上海,fang.com
佘山假日半岛商住楼,商业,松江,洞泾,上海,fang.com
沈砖公路6088号小区,商业,松江,洞泾,上海,fang.com
中海悦庭商住楼,商业,松江,洞泾,上海,fang.com
颖创白领公寓,商业,松江,洞泾,上海,fang.com
好莱坞花园公寓商住楼,商业,松江,车墩,上海,fang.com
同润青年汇,商业,松江,车墩,上海,fang.com
雅居乐星徽商住楼,商业,松江,车墩,上海,fang.com
海宏大厦,商业,浦东,三林,上海,fang.com
万富汇酒店式公寓,商业,浦东,三林,上海,fang.com
中房晶华公馆商住楼,商业,浦东,三林,上海,fang.com
顾源公寓,商业,浦东,三林,上海,fang.com
森宏旗臻,商业,浦东,三林,上海,fang.com
杉林新月家园商住楼,商业,浦东,三林,上海,fang.com
三林信城瑞商住楼,商业,浦东,三林,上海,fang.com
海家酒店式公寓,商业,浦东,三林,上海,fang.com
豪祖公寓,商业,浦东,三林,上海,fang.com
灵岩南路公寓,商业,浦东,三林,上海,fang.com
爵仕悦恒大国际公寓,商业,浦东,世博,上海,fang.com
上南大厦,商业,浦东,世博,上海,fang.com
博爱家园商住楼,商业,浦东,世博,上海,fang.com
城建大厦,商业,浦东,世博,上海,fang.com
东盛公寓商住楼,商业,浦东,世博,上海,fang.com
大华锦绣国际商住楼,商业,浦东,世博,上海,fang.com
汇众公寓商住楼,商业,浦东,世博,上海,fang.com
浦东商场(昌里店)商住楼,商业,浦东,世博,上海,fang.com
逸翠公馆商住楼,商业,浦东,世博,上海,fang.com
成山路1025号,商业,浦东,世博,上海,fang.com
互欣商务酒店写字楼商住楼,写字楼,浦东,世纪公园,上海,fang.com
盛第大厦,商业,浦东,世纪公园,上海,fang.com
四季全景台商住楼,商业,浦东,世纪公园,上海,fang.com
禹洲城市广场商住楼,商业,浦东,临港新城,上海,fang.com
临港海滨时代,商业,浦东,临港新城,上海,fang.com
临港新世界休闲广场,商业,浦东,临港新城,上海,fang.com
滴水湖斯贤公寓(南苑),商业,浦东,临港新城,上海,fang.com
领第·金港世纪,商业,浦东,临港新城,上海,fang.com
书院1号公寓商住楼,商业,浦东,临港新城,上海,fang.com
宜浩公馆,商业,浦东,临港新城,上海,fang.com
紫菁庭商住楼,商业,浦东,临港新城,上海,fang.com
书院禹洲城市广场,商业,浦东,书院,上海,fang.com
海上国际花园二期商住楼,商业,浦东,北蔡,上海,fang.com
莲溪大楼商住楼,商业,浦东,北蔡,上海,fang.com
浦东会展大酒店商住楼,商业,浦东,北蔡,上海,fang.com
堆栈路2号,商业,浦东,北蔡,上海,fang.com
金茂商务公寓,商业,浦东,北蔡,上海,fang.com
东方明珠国际公寓商住楼,商业,浦东,南码头,上海,fang.com
海博大厦公寓,商业,浦东,南码头,上海,fang.com
华丰大楼(浦东)商住楼,商业,浦东,南码头,上海,fang.com
慧晶国际,商业,浦东,周浦,上海,fang.com
印象生活广场,商业,浦东,周浦,上海,fang.com
阳光城丽景湾PLUS商住楼,商业,浦东,周浦,上海,fang.com
百禄商业广场商住楼,商业,浦东,周浦,上海,fang.com
东八公寓商住楼,商业,浦东,周浦,上海,fang.com
繁荣路387号商住楼,商业,浦东,周浦,上海,fang.com
富颐国际大酒店,商业,浦东,周浦,上海,fang.com
绿地东海岸时尚广场商住楼,商业,浦东,周浦,上海,fang.com
泰苑公寓商住楼,商业,浦东,周浦,上海,fang.com
梧桐国际商住楼,商业,浦东,周浦,上海,fang.com
阳光城·愉景公馆商住楼,商业,浦东,周浦,上海,fang.com
保利金爵公寓商住楼,商业,浦东,唐镇,上海,fang.com
金利公寓商住楼,商业,浦东,唐镇,上海,fang.com
凯顿阳光服务公寓,商业,浦东,唐镇,上海,fang.com
星纪元,商业,浦东,唐镇,上海,fang.com
君誉江畔,商业,浦东,塘桥,上海,fang.com
东方天伦大厦公寓,商业,浦东,塘桥,上海,fang.com
东方金座公寓商住楼,商业,浦东,塘桥,上海,fang.com
海富花园写字楼,写字楼,浦东,塘桥,上海,fang.com
蓝村大厦,商业,浦东,塘桥,上海,fang.com
浦建华府商住楼,商业,浦东,塘桥,上海,fang.com
仁恒广场公寓,商业,浦东,塘桥,上海,fang.com
享域滨江商住楼,商业,浦东,塘桥,上海,fang.com
森兰美伦商住楼,商业,浦东,外高桥,上海,fang.com
发展小区,商业,浦东,外高桥,上海,fang.com
高桥红坊LOFT公寓,商业,浦东,外高桥,上海,fang.com
高桥新城商业街商务楼,商业,浦东,外高桥,上海,fang.com
乐非天地,商业,浦东,外高桥,上海,fang.com
浦东中环广场商住楼,商业,浦东,外高桥,上海,fang.com
森兰自由度,商业,浦东,外高桥,上海,fang.com
绿地云悦坊商住楼,商业,浦东,川沙,上海,fang.com
川沙公寓商住楼,商业,浦东,川沙,上海,fang.com
东方现代LOFT公寓,商业,浦东,川沙,上海,fang.com
恒越生活广场,商业,浦东,川沙,上海,fang.com
凯佳尊品国际商住楼,商业,浦东,川沙,上海,fang.com
龙馨公寓商住楼,商业,浦东,川沙,上海,fang.com
妙境公寓商住楼,商业,浦东,川沙,上海,fang.com
浦东国际机场商住楼,商业,浦东,川沙,上海,fang.com
浦东商场(现代店)商住楼,商业,浦东,川沙,上海,fang.com
沙田公寓商住楼,商业,浦东,川沙,上海,fang.com
逗号公寓,商业,浦东,川沙,上海,fang.com
海迪创客小镇,商业,浦东,川沙,上海,fang.com
乐佳公寓,商业,浦东,川沙,上海,fang.com
康新公馆,商业,浦东,康桥,上海,fang.com
张江公馆,商业,浦东,张江,上海,fang.com
盛大天地青春里一期,商业,浦东,张江,上海,fang.com
城市经典四期高迪商住楼,商业,浦东,张江,上海,fang.com
东郊中心商住楼,商业,浦东,张江,上海,fang.com
华强科技大厦,商业,浦东,张江,上海,fang.com
集贤天地,商业,浦东,张江,上海,fang.com
绿地智创商住楼,商业,浦东,张江,上海,fang.com
绿地M-TOWN商住楼,商业,浦东,张江,上海,fang.com
千舟园,商业,浦东,张江,上海,fang.com
盛大天地商住楼,商业,浦东,张江,上海,fang.com
中芯花园商住楼,商业,浦东,张江,上海,fang.com
复地万科活力城,商业,浦东,御桥,上海,fang.com
建华铂中环商住楼,商业,浦东,御桥,上海,fang.com
康桥阳光大厦商住楼,商业,浦东,御桥,上海,fang.com
莲珠大厦商住楼,商业,浦东,御桥,上海,fang.com
瑞景公寓(瑞景商务苑),商业,浦东,御桥,上海,fang.com
瑞景商务公寓商住楼,商业,浦东,御桥,上海,fang.com
绿地峰汇商务广场商住楼,商业,浦东,惠南,上海,fang.com
禹洲商业广场商住楼,商业,浦东,惠南,上海,fang.com
浦东微谷,商业,浦东,惠南,上海,fang.com
浦东禹悦汇商住楼,商业,浦东,惠南,上海,fang.com
爱盛家园商住楼,商业,浦东,惠南,上海,fang.com
长城珑湾酒店式公寓,商业,浦东,惠南,上海,fang.com
都汇公馆,商业,浦东,惠南,上海,fang.com
方糖公寓,商业,浦东,惠南,上海,fang.com
惠城大厦写字楼,写字楼,浦东,惠南,上海,fang.com
海燕大厦商住楼,商业,浦东,惠南,上海,fang.com
惠南禹洲商业广场商住楼,商业,浦东,惠南,上海,fang.com
郡雅国际航空广场,商业,浦东,惠南,上海,fang.com
浦东商场(南汇店)商住楼,商业,浦东,惠南,上海,fang.com
上河商务园商住楼,商业,浦东,惠南,上海,fang.com
长城珑湾商住楼,商业,浦东,惠南,上海,fang.com
荷花路18号小区,商业,浦东,新场,上海,fang.com
悦天地,商业,浦东,曹路,上海,fang.com
宝龙公馆商住楼,商业,浦东,曹路,上海,fang.com
宝龙城市广场商住楼,商业,浦东,曹路,上海,fang.com
宝龙城市广场商住公寓,商业,浦东,曹路,上海,fang.com
恒越新都汇,商业,浦东,曹路,上海,fang.com
浦发振丰悦天地,商业,浦东,曹路,上海,fang.com
陆家嘴人才公寓商住楼,商业,浦东,杨东,上海,fang.com
万源杰座,商业,浦东,杨东,上海,fang.com
万源杰座公寓式酒店,商业,浦东,杨东,上海,fang.com
环球广场公寓,商业,浦东,梅园,上海,fang.com
中信五牛城,商业,浦东,梅园,上海,fang.com
良丰大厦商住楼,商业,浦东,梅园,上海,fang.com
八方大厦公寓商住楼,商业,浦东,梅园,上海,fang.com
海怡花园(浦东)商住楼,商业,浦东,梅园,上海,fang.com
上船大楼商住楼,商业,浦东,梅园,上海,fang.com
万源晶典商住楼,商业,浦东,梅园,上海,fang.com
珠江玫瑰花园商住楼,商业,浦东,梅园,上海,fang.com
鸿音广场商住楼,商业,浦东,泥城,上海,fang.com
绿地东海岸1天地,商业,浦东,泥城,上海,fang.com
绿地临港壹天地,商业,浦东,泥城,上海,fang.com
丽都华庭商住楼,商业,浦东,泥城,上海,fang.com
临港新侨新兴产业园,商业,浦东,泥城,上海,fang.com
陆家嘴创业街区商住楼,商业,浦东,洋泾,上海,fang.com
银月金融湾,商业,浦东,洋泾,上海,fang.com
爵士大厦写字楼,写字楼,浦东,源深,上海,fang.com
锦城大厦,商业,浦东,源深,上海,fang.com
雅景公寓商住楼,商业,浦东,源深,上海,fang.com
众城公寓商住楼,商业,浦东,源深,上海,fang.com
京城大厦,商业,浦东,潍坊,上海,fang.com
保利ONE56商住楼,商业,浦东,潍坊,上海,fang.com
百富达公寓商住楼,商业,浦东,潍坊,上海,fang.com
嘉德公寓商住楼,商业,浦东,潍坊,上海,fang.com
北浜路112号,商业,浦东,潍坊,上海,fang.com
北张家浜公寓,商业,浦东,潍坊,上海,fang.com
碧云钻石酒店公寓,商业,浦东,碧云,上海,fang.com
碧云钻石大厦,商业,浦东,碧云,上海,fang.com
凤凰大厦商住楼,商业,浦东,碧云,上海,fang.com
绿都绣云里商住楼,商业,浦东,祝桥,上海,fang.com
祝苑公寓商住楼,商业,浦东,祝桥,上海,fang.com
浦东佳纷天地商住楼,商业,浦东,联洋,上海,fang.com
亿联中心摩居,商业,浦东,航头,上海,fang.com
航川路88号商住楼,商业,浦东,航头,上海,fang.com
中洲里程尚公馆,商业,浦东,航头,上海,fang.com
陆家嘴中央公寓商住楼,商业,浦东,花木,上海,fang.com
东方广场,商业,浦东,金杨,上海,fang.com
蜂巢公寓,商业,浦东,金杨,上海,fang.com
金茂花园写字楼,写字楼,浦东,金杨,上海,fang.com
上海市浦东商场(博山东路店)商住楼,商业,浦东,金杨,上海,fang.com
城市e族连锁公寓(浦东),商业,浦东,金杨,上海,fang.com
骏逸酒店式公寓,商业,浦东,金杨,上海,fang.com
碧云公馆公寓,商业,浦东,金桥,上海,fang.com
禹洲金桥国际二期写字楼,写字楼,浦东,金桥,上海,fang.com
碧海现代苑写字楼,写字楼,浦东,金桥,上海,fang.com
金桥智汇公馆商住楼,商业,浦东,金桥,上海,fang.com
融创精彩天地商住楼,商业,浦东,金桥,上海,fang.com
禹洲蓝爵,商业,浦东,金桥,上海,fang.com
爱立诚大厦,商业,浦东,金桥,上海,fang.com
碧云东壹栋公寓,商业,浦东,金桥,上海,fang.com
金桥中环大厦,商业,浦东,金桥,上海,fang.com
金桥路581号,商业,浦东,金桥,上海,fang.com
金桥商务公寓,商业,浦东,金桥,上海,fang.com
上海医贸大厦商住楼,商业,浦东,金桥,上海,fang.com
同华大厦,商业,浦东,金桥,上海,fang.com
新紫茂国际商住楼,商业,浦东,金桥,上海,fang.com
禹洲金桥国际写字楼,写字楼,浦东,金桥,上海,fang.com
中惠广场,商业,浦东,金桥,上海,fang.com
佰家酒店式公寓,商业,浦东,金桥,上海,fang.com
C九酒店式公寓,商业,浦东,金桥,上海,fang.com
金业酒店公寓,商业,浦东,金桥,上海,fang.com
魔方公寓金业店,商业,浦东,金桥,上海,fang.com
东明广场,商业,浦东,陆家嘴,上海,fang.com
东昌大楼,商业,浦东,陆家嘴,上海,fang.com
福兴大厦商住楼,商业,浦东,陆家嘴,上海,fang.com
良友大厦商住楼,商业,浦东,陆家嘴,上海,fang.com
浦发银行大厦,商业,浦东,陆家嘴,上海,fang.com
汤臣商务中心,商业,浦东,陆家嘴,上海,fang.com
远东大厦商住楼,商业,浦东,陆家嘴,上海,fang.com
紫金瀚宫商住楼,商业,浦东,陆家嘴,上海,fang.com
世纪大道201号,商业,浦东,陆家嘴滨江,上海,fang.com
浦江东旭公寓商住楼,商业,浦东,高行,上海,fang.com
仁恒森兰MINI公馆,商业,浦东,高行,上海,fang.com
申龙小区商住楼,商业,浦东,高行,上海,fang.com
阳光城MODO自由区,商业,浦东,高行,上海,fang.com
欧阳大厦,商业,虹口,临平路,上海,fang.com
中信虹港名庭酒店式公寓,商业,虹口,临平路,上海,fang.com
东渡名人大厦公寓,商业,虹口,临平路,上海,fang.com
广益大厦,商业,虹口,临平路,上海,fang.com
虹诚大厦,商业,虹口,临平路,上海,fang.com
和平大楼,商业,虹口,临平路,上海,fang.com
宏伦大厦,商业,虹口,临平路,上海,fang.com
海伦大厦,商业,虹口,临平路,上海,fang.com
和平商厦商住楼,商业,虹口,临平路,上海,fang.com
欧阳大厦公寓,商业,虹口,临平路,上海,fang.com
平和大楼,商业,虹口,临平路,上海,fang.com
麒麟大厦写字楼,写字楼,虹口,临平路,上海,fang.com
乾鸿苑,商业,虹口,临平路,上海,fang.com
麒麟大厦,商业,虹口,临平路,上海,fang.com
盛业大厦,商业,虹口,临平路,上海,fang.com
四联大厦,商业,虹口,临平路,上海,fang.com
物华大楼,商业,虹口,临平路,上海,fang.com
玉龙大厦,商业,虹口,临平路,上海,fang.com
振新大厦写字楼,写字楼,虹口,临平路,上海,fang.com
中原证券大厦公寓,商业,虹口,临平路,上海,fang.com
振新大厦商住楼,商业,虹口,临平路,上海,fang.com
紫金公馆,商业,虹口,凉城,上海,fang.com
大上海紫金广场写字楼,写字楼,虹口,凉城,上海,fang.com
SOLO,商业,虹口,凉城,上海,fang.com
鸿旭豪苑,商业,虹口,北外滩,上海,fang.com
临江大厦,商业,虹口,北外滩,上海,fang.com
恒升半岛酒店公寓,商业,虹口,北外滩,上海,fang.com
扬子江大厦,商业,虹口,北外滩,上海,fang.com
安国大楼,商业,虹口,北外滩,上海,fang.com
长江大楼公寓,商业,虹口,北外滩,上海,fang.com
东泰大厦公寓,商业,虹口,北外滩,上海,fang.com
福赐公寓,商业,虹口,北外滩,上海,fang.com
河滨大楼写字楼,写字楼,虹口,北外滩,上海,fang.com
鸿旭豪苑写字楼,写字楼,虹口,北外滩,上海,fang.com
河滨大楼,商业,虹口,北外滩,上海,fang.com
海湾大厦,商业,虹口,北外滩,上海,fang.com
景泰大楼,商业,虹口,北外滩,上海,fang.com
兰桥大厦,商业,虹口,北外滩,上海,fang.com
虹口索纳特酒店公寓,商业,虹口,北外滩,上海,fang.com
荀珺酒店式公寓,商业,虹口,北外滩,上海,fang.com
乍浦路92号,商业,虹口,北外滩,上海,fang.com
海伦国际,商业,虹口,四川北路,上海,fang.com
福龙大厦,商业,虹口,四川北路,上海,fang.com
民达大厦商住公楼,商业,虹口,四川北路,上海,fang.com
荣欣大厦商住楼,商业,虹口,四川北路,上海,fang.com
龙邸大厦,商业,虹口,四川北路,上海,fang.com
虹祺花苑,商业,虹口,四川北路,上海,fang.com
金象大厦,商业,虹口,四川北路,上海,fang.com
精武大厦公寓,商业,虹口,四川北路,上海,fang.com
凯润金城写字楼,写字楼,虹口,四川北路,上海,fang.com
溧阳公馆,商业,虹口,四川北路,上海,fang.com
玫瑰广场,商业,虹口,四川北路,上海,fang.com
虬江支路181号小区,商业,虹口,四川北路,上海,fang.com
申贝大厦写字楼,写字楼,虹口,四川北路,上海,fang.com
申贝大厦,商业,虹口,四川北路,上海,fang.com
武进大楼,商业,虹口,四川北路,上海,fang.com
沪办大厦商住楼,商业,虹口,曲阳,上海,fang.com
华敏大厦,商业,虹口,曲阳,上海,fang.com
铂金时代,商业,虹口,曲阳,上海,fang.com
峰华大楼写字楼,写字楼,虹口,曲阳,上海,fang.com
峰华大楼商住楼,商业,虹口,曲阳,上海,fang.com
公安大楼写字楼,写字楼,虹口,曲阳,上海,fang.com
开隆大厦,商业,虹口,曲阳,上海,fang.com
南雁大厦,商业,虹口,曲阳,上海,fang.com
曲阳大楼写字楼,写字楼,虹口,曲阳,上海,fang.com
上豪大厦,商业,虹口,曲阳,上海,fang.com
新昌大厦商住楼,商业,虹口,曲阳,上海,fang.com
展望商务楼,商业,虹口,曲阳,上海,fang.com
魔方公寓大柏树路店,商业,虹口,曲阳,上海,fang.com
上海欣鹏大酒店,商业,虹口,曲阳,上海,fang.com
上海贝客公寓(虹口),商业,虹口,曲阳,上海,fang.com
车站西路300弄10-12号小区,商业,虹口,江湾镇,上海,fang.com
凯阳新寓,商业,虹口,江湾镇,上海,fang.com
三九大厦写字楼,写字楼,虹口,江湾镇,上海,fang.com
嘉和国际大厦商住楼,商业,虹口,鲁迅公园,上海,fang.com
庐迅大厦,商业,虹口,鲁迅公园,上海,fang.com
申城旅居白领公寓,商业,虹口,鲁迅公园,上海,fang.com
天都华庭公寓商住楼,商业,金山,亭林,上海,fang.com
绿地幸福里商住楼,商业,金山,吕巷,上海,fang.com
农房万祥金邸商住楼,商业,金山,朱泾,上海,fang.com
万安荣寓,商业,金山,朱泾,上海,fang.com
枫禾别院,商业,金山,枫泾,上海,fang.com
华丰格兰郡商住楼,商业,金山,枫泾,上海,fang.com
兴康公寓,商业,金山,枫泾,上海,fang.com
上海石化青年公寓,商业,金山,石化,上海,fang.com
上海非遗文化小镇,商业,金山,金山其他,上海,fang.com
华府海景商住楼,商业,金山,金山新城,上海,fang.com
海滨新城商住楼,商业,金山,金山新城,上海,fang.com
红星紫郡商住楼,商业,金山,金山新城,上海,fang.com
金山豪庭商务楼,商业,金山,金山新城,上海,fang.com
晶珑俪榭,商业,金山,金山新城,上海,fang.com
金山红星国际广场商住公寓,商业,金山,金山新城,上海,fang.com
金山世纪城商住楼,商业,金山,金山新城,上海,fang.com
君逸公馆商住楼,商业,金山,金山新城,上海,fang.com
金域蔚蓝商住楼,商业,金山,金山新城,上海,fang.com
玲珑公馆,商业,金山,金山新城,上海,fang.com
蓝堡公馆商铺商住楼,商铺,金山,金山新城,上海,fang.com
蓝堡公馆商住楼,商业,金山,金山新城,上海,fang.com
青年公寓商住楼,商业,金山,金山新城,上海,fang.com
水韵悦城商住楼,商业,金山,金山新城,上海,fang.com
禧阙,商业,金山,金山新城,上海,fang.com
新城旭辉府商住楼,商业,金山,金山新城,上海,fang.com
正荣河滨商业广场,商业,金山,金山新城,上海,fang.com
虹桥向日葵公寓,商业,长宁,中山公园,上海,fang.com
长峰名光大厦公寓,商业,长宁,中山公园,上海,fang.com
建宁大厦,商业,长宁,中山公园,上海,fang.com
新时空国际公寓,商业,长宁,中山公园,上海,fang.com
兆仪大厦,商业,长宁,中山公园,上海,fang.com
柏华丽豪华酒店公寓,商业,长宁,中山公园,上海,fang.com
长芝大厦商住楼,商业,长宁,中山公园,上海,fang.com
飞乐股份商务楼,商业,长宁,中山公园,上海,fang.com
国泰大厦,商业,长宁,中山公园,上海,fang.com
兴联大厦商住楼,商业,长宁,中山公园,上海,fang.com
恰家公馆,商业,长宁,中山公园,上海,fang.com
长福公寓,商业,长宁,仙霞,上海,fang.com
威宁路55号小区,商业,长宁,仙霞,上海,fang.com
逸居酒店式公寓,商业,长宁,北新泾,上海,fang.com
万科广场,商业,长宁,古北,上海,fang.com
广场大厦商住楼,商业,长宁,古北,上海,fang.com
领尚国际,商业,长宁,古北,上海,fang.com
万科广场公寓商住楼,商业,长宁,古北,上海,fang.com
长宁里,商业,长宁,天山,上海,fang.com
纯古北光华大厦,商业,长宁,天山,上海,fang.com
虹桥公寓,商业,长宁,天山,上海,fang.com
晶耀虹桥,商业,长宁,天山,上海,fang.com
上海璞爵酒店公寓,商业,长宁,天山,上海,fang.com
紫云大厦写字楼,写字楼,长宁,天山,上海,fang.com
中山西路750号,商业,长宁,天山,上海,fang.com
长峰中心聚贤阁商住楼,商业,长宁,新华路,上海,fang.com
福苑大厦,商业,长宁,新华路,上海,fang.com
法华门大厦公寓商住楼,商业,长宁,新华路,上海,fang.com
华山路1473号商住楼,商业,长宁,新华路,上海,fang.com
锦海大厦,商业,长宁,新华路,上海,fang.com
京河大厦商住楼,商业,长宁,新华路,上海,fang.com
时代大厦,商业,长宁,新华路,上海,fang.com
新华大厦商住楼,商业,长宁,新华路,上海,fang.com
湘江大厦商住楼,商业,长宁,新华路,上海,fang.com
总统公寓,商业,长宁,新华路,上海,fang.com
佳都大厦,商业,长宁,虹桥,上海,fang.com
金桥大厦,商业,长宁,虹桥,上海,fang.com
锦明大厦写字楼,写字楼,长宁,虹桥,上海,fang.com
锦明大厦商住楼,商业,长宁,虹桥,上海,fang.com
仙霞里,商业,长宁,西郊,上海,fang.com
悦茂·可乐公馆,商业,长宁,西郊,上海,fang.com
金凤大厦,商业,长宁,镇宁路,上海,fang.com
金龙大厦商住楼,商业,长宁,镇宁路,上海,fang.com
荣轩大厦,商业,长宁,镇宁路,上海,fang.com
畅想苑商住楼,商业,闵行,七宝,上海,fang.com
黎明花园商住楼,商业,闵行,七宝,上海,fang.com
尚城河滨,商业,闵行,七宝,上海,fang.com
百强公寓,商业,闵行,七宝,上海,fang.com
城家公寓(中春路店),商业,闵行,七宝,上海,fang.com
城家公寓(华林路店),商业,闵行,七宝,上海,fang.com
城家公寓(七宝万科国际店),商业,闵行,七宝,上海,fang.com
海琪青年公寓,商业,闵行,七宝,上海,fang.com
基典公寓,商业,闵行,七宝,上海,fang.com
开心怡家公寓七宝店,商业,闵行,七宝,上海,fang.com
闵行人才酒店式公寓,商业,闵行,七宝,上海,fang.com
世纪白领公寓,商业,闵行,七宝,上海,fang.com
益佰酒店式公寓,商业,闵行,七宝,上海,fang.com
宏远商务大楼,商业,闵行,华漕,上海,fang.com
惠群广场,商业,闵行,华漕,上海,fang.com
绿地旭辉E天地商住楼,商业,闵行,华漕,上海,fang.com
融信绿地国际商住楼,商业,闵行,华漕,上海,fang.com
勤发白领公寓,商业,闵行,华漕,上海,fang.com
宝城大厦商住楼,商业,闵行,古美,上海,fang.com
爱佳酒店式公寓,商业,闵行,古美,上海,fang.com
虹梅新苑南区商住楼,商业,闵行,吴泾,上海,fang.com
吴泾宝龙广场商住楼,商业,闵行,吴泾,上海,fang.com
智择时尚公寓,商业,闵行,吴泾,上海,fang.com
北建华清商业广场商住楼,商业,闵行,春申,上海,fang.com
银都酒店式公寓,商业,闵行,春申,上海,fang.com
力波中心,商业,闵行,梅陇,上海,fang.com
复地浦江中心商住楼,商业,闵行,浦江,上海,fang.com
景江苑E区商住楼,商业,闵行,浦江,上海,fang.com
领航社商住楼,商业,闵行,浦江,上海,fang.com
浦江华侨城写字楼,写字楼,闵行,浦江,上海,fang.com
浦江华侨城loft,商业,闵行,浦江,上海,fang.com
浦江意优商住楼,商业,闵行,浦江,上海,fang.com
浦江人才公寓,商业,闵行,浦江,上海,fang.com
浦锦路1306号,商业,闵行,浦江,上海,fang.com
前滩禧悦商住楼,商业,闵行,浦江,上海,fang.com
三弦海上金街商住楼,商业,闵行,浦江,上海,fang.com
三鲁公路2755号小区,商业,闵行,浦江,上海,fang.com
旭辉浦江国际商住楼,商业,闵行,浦江,上海,fang.com
沪泰商住公寓,商业,闵行,浦江,上海,fang.com
魔方公寓(昌林路店),商业,闵行,浦江,上海,fang.com
同乐路158号小区,商业,闵行,罗阳,上海,fang.com
城家公寓(业祥路店),商业,闵行,罗阳,上海,fang.com
迪贸公寓,商业,闵行,罗阳,上海,fang.com
乐观青年公寓,商业,闵行,罗阳,上海,fang.com
文平公寓,商业,闵行,罗阳,上海,fang.com
剑桥丽苑,商业,闵行,老闵行,上海,fang.com
合生城邦一街坊公寓商住楼,商业,闵行,老闵行,上海,fang.com
景谷大厦,商业,闵行,老闵行,上海,fang.com
明珠大厦(闵行)商住楼,商业,闵行,老闵行,上海,fang.com
国利元通大厦,商业,闵行,航华,上海,fang.com
七韵美地苑商住楼,商业,闵行,航华,上海,fang.com
城家公寓(航东路店),商业,闵行,航华,上海,fang.com
城家公寓(吴宝路店),商业,闵行,航华,上海,fang.com
邻里苑,商业,闵行,莘庄,上海,fang.com
东苑世纪名门写字楼,写字楼,闵行,莘庄,上海,fang.com
金霄大厦,商业,闵行,莘庄,上海,fang.com
绿梅公寓(莘庄)商住楼,商业,闵行,莘庄,上海,fang.com
沁春名邸商住楼,商业,闵行,莘庄,上海,fang.com
沁春园新一村商住楼,商业,闵行,莘庄,上海,fang.com
秀上创业园,商业,闵行,莘庄,上海,fang.com
紫欣新座商住楼,商业,闵行,莘庄,上海,fang.com
七莘白领公寓,商业,闵行,莘庄,上海,fang.com
西环路100号,商业,闵行,莘庄,上海,fang.com
迎丰公寓,商业,闵行,莘庄,上海,fang.com
兆记青年公寓,商业,闵行,莘庄,上海,fang.com
虹桥金汇紫薇苑商住楼,商业,闵行,金汇,上海,fang.com
金坤公寓,商业,闵行,金汇,上海,fang.com
顺安公寓,商业,闵行,金汇,上海,fang.com
旭辉识庐商住楼,商业,闵行,金汇,上海,fang.com
城家公寓(虹中路店一期),商业,闵行,金汇,上海,fang.com
城家公寓(合川路店),商业,闵行,金汇,上海,fang.com
城家公寓(虹中路店二期),商业,闵行,金汇,上海,fang.com
新华红星国际广场公寓,商业,闵行,金汇,上海,fang.com
古北中央公园壹号公馆商住楼,商业,闵行,金虹桥,上海,fang.com
老外街国际文创生活园商住楼,商业,闵行,金虹桥,上海,fang.com
城家公寓(吴中路店),商业,闵行,金虹桥,上海,fang.com
城家公寓(古北店),商业,闵行,金虹桥,上海,fang.com
朗诗寓,商业,闵行,金虹桥,上海,fang.com
上海盛捷古北服务公寓,商业,闵行,金虹桥,上海,fang.com
虹桥晶典苑,商业,闵行,静安新城,上海,fang.com
大上海国际花园酒店公寓,商业,闵行,静安新城,上海,fang.com
九歌中庭商住楼,商业,闵行,静安新城,上海,fang.com
城家公寓(虹桥万象城店),商业,闵行,静安新城,上海,fang.com
上海龙湖天钜,商业,闵行,颛桥,上海,fang.com
东亚梧桐公馆商住楼,商业,闵行,颛桥,上海,fang.com
都市路431号商住楼,商业,闵行,颛桥,上海,fang.com
复地北桥城铂晶工寓,商业,闵行,颛桥,上海,fang.com
龙湖天琅商住楼,商业,闵行,颛桥,上海,fang.com
云集悦棠,商业,闵行,颛桥,上海,fang.com
上海雍臻公寓,商业,闵行,颛桥,上海,fang.com
索菲丽酒店公寓,商业,闵行,颛桥,上海,fang.com
联仲·都悦汇商住楼,商业,闵行,马桥,上海,fang.com
1688生活公寓,商业,闵行,马桥,上海,fang.com
昆阳青年公寓,商业,闵行,马桥,上海,fang.com
新华红星国际广场LOFT,商业,闵行,龙柏,上海,fang.com
先锋大厦,商业,闵行,龙柏,上海,fang.com
凤溪水产小区,商业,青浦,凤溪,上海,fang.com
博隆(虹桥)商业广场,商业,青浦,华新,上海,fang.com
北京新发地上海华金农副产品批发市场,商业,青浦,华新,上海,fang.com
凤腾大楼,商业,青浦,华新,上海,fang.com
上海华金农副产品批发市场,商业,青浦,华新,上海,fang.com
兆地尊庭商住楼,商业,青浦,华新,上海,fang.com
锦绣逸庭商住楼,商业,青浦,徐泾,上海,fang.com
珠江悦公馆,商业,青浦,徐泾,上海,fang.com
虹桥世界中心商住楼,商业,青浦,徐泾,上海,fang.com
米格天地,商业,青浦,徐泾,上海,fang.com
蟠龙里商住楼,商业,青浦,徐泾,上海,fang.com
泰馨家园公寓,商业,青浦,徐泾,上海,fang.com
新虹桥雅苑商住楼,商业,青浦,徐泾,上海,fang.com
西郊美德苑商住楼,商业,青浦,徐泾,上海,fang.com
新虹桥亚洲花园公寓商住楼,商业,青浦,徐泾,上海,fang.com
城家公寓(徐泾店),商业,青浦,徐泾,上海,fang.com
龙联汽配城公寓,商业,青浦,徐泾,上海,fang.com
泰馨家园商住楼,商业,青浦,徐泾,上海,fang.com
嘉涛湾商住楼,商业,青浦,朱家角,上海,fang.com
九间堂玲珑坊,商业,青浦,朱家角,上海,fang.com
天地健康城商住楼,商业,青浦,朱家角,上海,fang.com
东渡悦都荟,商业,青浦,朱家角,上海,fang.com
东渡悦来城商住楼,商业,青浦,朱家角,上海,fang.com
水都南岸商住楼,商业,青浦,朱家角,上海,fang.com
水都南岸海上公馆(别墅),商业,青浦,朱家角,上海,fang.com
中南朱里雅集商住楼,商业,青浦,朱家角,上海,fang.com
珠里尚院商住楼,商业,青浦,朱家角,上海,fang.com
中环城家公寓,商业,青浦,朱家角,上海,fang.com
时尚谷创意园,商业,青浦,朱家角,上海,fang.com
章堰别墅,商业,青浦,白鹤,上海,fang.com
绿地新瑅香公馆商住楼,商业,青浦,白鹤,上海,fang.com
梅桥街101号,商业,青浦,白鹤,上海,fang.com
绿中海雅庭商住楼,商业,青浦,赵巷,上海,fang.com
龙湖紫都城商住楼,商业,青浦,赵巷,上海,fang.com
绿地新里派克公馆商住楼,商业,青浦,赵巷,上海,fang.com
上海精测半导体商住楼,商业,青浦,赵巷,上海,fang.com
崧泉路1185号,商业,青浦,赵巷,上海,fang.com
新城盛景青年公寓商住楼,商业,青浦,赵巷,上海,fang.com
青浦宝龙城市广场商住楼,商业,青浦,重固,上海,fang.com
重固新世纪商业广场,商业,青浦,重固,上海,fang.com
青浦卓越世纪中心公寓,商业,青浦,青浦城区,上海,fang.com
都汇华庭商住楼,商业,青浦,青浦城区,上海,fang.com
富兴雅苑商住楼,商业,青浦,青浦城区,上海,fang.com
怀盛怡庭商住楼,商业,青浦,青浦城区,上海,fang.com
青浦绿地中心商住楼,商业,青浦,青浦城区,上海,fang.com
祥腾假日风情商业广场,商业,青浦,青浦城区,上海,fang.com
新城忆华里商住楼,商业,青浦,青浦城区,上海,fang.com
新青浦花苑商住楼,商业,青浦,青浦城区,上海,fang.com
旭辉玫瑰湾商住楼,商业,青浦,青浦城区,上海,fang.com
盈湖三岛公寓商住楼,商业,青浦,青浦城区,上海,fang.com
骏豪国际,商业,静安,南京西路,上海,fang.com
嘉发大厦,商业,静安,南京西路,上海,fang.com
达安广场公寓,商业,静安,南京西路,上海,fang.com
九安广场,商业,静安,南京西路,上海,fang.com
嘉发大厦写字楼,写字楼,静安,南京西路,上海,fang.com
威海大楼商住楼,商业,静安,南京西路,上海,fang.com
襄乐大厦,商业,静安,南京西路,上海,fang.com
中邦艾格美国际公寓,商业,静安,南京西路,上海,fang.com
吉羊邨,商业,静安,南京西路,上海,fang.com
上海静安CitiGO欢阁公寓店,商业,静安,南京西路,上海,fang.com
长虹大厦公寓,商业,静安,大宁,上海,fang.com
东方明珠大宁公寓商住楼,商业,静安,大宁,上海,fang.com
惠龙公寓商住楼,商业,静安,大宁,上海,fang.com
建峰大厦,商业,静安,大宁,上海,fang.com
新梅坊写字楼,写字楼,静安,大宁,上海,fang.com
临汾名城商住楼,商业,静安,彭浦,上海,fang.com
嘉里不夜城商住楼,商业,静安,新客站,上海,fang.com
北苑大厦,商业,静安,新客站,上海,fang.com
康吉大厦,商业,静安,新客站,上海,fang.com
林顿大厦写字楼,写字楼,静安,新客站,上海,fang.com
中海万锦城四期商住楼,商业,静安,新客站,上海,fang.com
一天下大厦商住楼,商业,静安,新客站,上海,fang.com
众昌金城大厦,商业,静安,新客站,上海,fang.com
长安大厦,商业,静安,新客站,上海,fang.com
华舟大厦,商业,静安,新客站,上海,fang.com
灵艺大厦,商业,静安,新客站,上海,fang.com
安源商住大楼,商业,静安,新客站,上海,fang.com
宝丰大厦公寓商住楼,商业,静安,新客站,上海,fang.com
长安大厦公寓,商业,静安,新客站,上海,fang.com
共和大厦,商业,静安,新客站,上海,fang.com
华龙酒店式公寓,商业,静安,新客站,上海,fang.com
华盛大楼,商业,静安,新客站,上海,fang.com
恒盛大厦商住楼,商业,静安,新客站,上海,fang.com
金甸大楼,商业,静安,新客站,上海,fang.com
聚龙大厦写字楼,写字楼,静安,新客站,上海,fang.com
聚龙大厦,商业,静安,新客站,上海,fang.com
静安印公馆,商业,静安,新客站,上海,fang.com
凯鹏国际大厦,商业,静安,新客站,上海,fang.com
凯旋门大厦公寓,商业,静安,新客站,上海,fang.com
昆泰大厦公寓商住楼,商业,静安,新客站,上海,fang.com
凯旋门大厦商住楼,商业,静安,新客站,上海,fang.com
绿地大厦,商业,静安,新客站,上海,fang.com
灵广大厦,商业,静安,新客站,上海,fang.com
企业公馆商住楼,商业,静安,新客站,上海,fang.com
天目大楼写字楼,写字楼,静安,新客站,上海,fang.com
天目大楼商住楼,商业,静安,新客站,上海,fang.com
五月花都荟贤居写字楼,写字楼,静安,新客站,上海,fang.com
永兴小马路小区商住楼,商业,静安,新客站,上海,fang.com
展望大厦,商业,静安,新客站,上海,fang.com
中房华东大厦商住楼,商业,静安,新客站,上海,fang.com
城家公寓(苏河一号店),商业,静安,新客站,上海,fang.com
城家公寓(中兴路店),商业,静安,新客站,上海,fang.com
盛政白领公寓,商业,静安,新客站,上海,fang.com
蓝朝部落,商业,静安,曹家渡,上海,fang.com
恒森广场,商业,静安,曹家渡,上海,fang.com
新平公寓,商业,静安,曹家渡,上海,fang.com
胶州大厦,商业,静安,曹家渡,上海,fang.com
昌平路1005号小区,商业,静安,曹家渡,上海,fang.com
君子兰商务楼,商业,静安,曹家渡,上海,fang.com
金融街静安中心写字楼,写字楼,静安,曹家渡,上海,fang.com
胶州酒店式公寓,商业,静安,曹家渡,上海,fang.com
美森公馆,商业,静安,曹家渡,上海,fang.com
同济佳苑商住楼,商业,静安,曹家渡,上海,fang.com
鑫和大厦WOHO商务先锋,商业,静安,曹家渡,上海,fang.com
新平公寓写字楼,写字楼,静安,曹家渡,上海,fang.com
延平大厦写字楼,写字楼,静安,曹家渡,上海,fang.com
怡沣大厦,商业,静安,曹家渡,上海,fang.com
城家公寓(曹家渡店),商业,静安,曹家渡,上海,fang.com
中铁中环时代广场商住楼,商业,静安,永和,上海,fang.com
中环V领地,商业,静安,永和,上海,fang.com
静安紫苑,商业,静安,江宁路,上海,fang.com
福安大厦,商业,静安,江宁路,上海,fang.com
和一大厦,商业,静安,江宁路,上海,fang.com
静安新格,商业,静安,江宁路,上海,fang.com
申银发展大厦商住楼,商业,静安,江宁路,上海,fang.com
博鸿大厦商住楼,商业,静安,江宁路,上海,fang.com
德安大厦,商业,静安,江宁路,上海,fang.com
德安大厦公寓,商业,静安,江宁路,上海,fang.com
富容大厦,商业,静安,江宁路,上海,fang.com
达安大厦公寓,商业,静安,江宁路,上海,fang.com
富容大厦写字楼,写字楼,静安,江宁路,上海,fang.com
福安大厦商住楼,商业,静安,江宁路,上海,fang.com
恒丰大楼写字楼,写字楼,静安,江宁路,上海,fang.com
纪明广场,商业,静安,江宁路,上海,fang.com
静安紫苑写字楼,写字楼,静安,江宁路,上海,fang.com
康定大厦写字楼,写字楼,静安,江宁路,上海,fang.com
康海大楼办公,商业,静安,江宁路,上海,fang.com
梅山大楼写字楼,写字楼,静安,江宁路,上海,fang.com
内外联公寓,商业,静安,江宁路,上海,fang.com
平安大厦,商业,静安,江宁路,上海,fang.com
平安大厦公寓商住楼,商业,静安,江宁路,上海,fang.com
华侨城苏河湾行政公馆,商业,静安,西藏北路,上海,fang.com
宝格丽公寓,商业,静安,西藏北路,上海,fang.com
宝通路239弄小区商住楼,商业,静安,西藏北路,上海,fang.com
白马大厦商住楼,商业,静安,西藏北路,上海,fang.com
宝格丽酒店公寓,商业,静安,西藏北路,上海,fang.com
长征大厦公寓,商业,静安,西藏北路,上海,fang.com
东新大厦(闸北),商业,静安,西藏北路,上海,fang.com
蒙特利名都城商住楼,商业,静安,西藏北路,上海,fang.com
七浦公寓,商业,静安,西藏北路,上海,fang.com
申航大厦,商业,静安,西藏北路,上海,fang.com
永兴富邦,商业,静安,西藏北路,上海,fang.com
志园公寓商住楼,商业,静安,西藏北路,上海,fang.com
中宝大厦商住楼,商业,静安,西藏北路,上海,fang.com
金赢108创意广场,商业,静安,闸北公园,上海,fang.com
和源大楼,商业,静安,闸北公园,上海,fang.com
嘉利明珠商务楼,商业,静安,闸北公园,上海,fang.com
时代鑫都,商业,静安,闸北公园,上海,fang.com
C9连锁公寓闸北店,商业,静安,闸北公园,上海,fang.com
城家公寓(中山北路地铁站店),商业,静安,闸北公园,上海,fang.com
明珠公寓,商业,静安,闸北公园,上海,fang.com
灵石LOFT公寓,商业,静安,阳城,上海,fang.com
爱丽轩,商业,静安,静安寺,上海,fang.com
国际丽都公馆,商业,静安,静安寺,上海,fang.com
胶州大楼写字楼,写字楼,静安,静安寺,上海,fang.com
美丽园大厦商住楼,商业,静安,静安寺,上海,fang.com
世纪时空大厦商住楼,商业,静安,静安寺,上海,fang.com
欣安大厦商住楼,商业,静安,静安寺,上海,fang.com
御华山,商业,静安,静安寺,上海,fang.com
Base滨江商住楼,商业,黄浦,世博滨江,上海,fang.com
Office2010丽都大厦,商业,黄浦,五里桥,上海,fang.com
汇景天地行政御所,商业,黄浦,五里桥,上海,fang.com
人才大厦商住楼,商业,黄浦,五里桥,上海,fang.com
伊时代商住楼,商业,黄浦,五里桥,上海,fang.com
重矿大厦,商业,黄浦,五里桥,上海,fang.com
长新大楼公寓,商业,黄浦,人民广场,上海,fang.com
长新大楼,商业,黄浦,人民广场,上海,fang.com
长发大厦公寓,商业,黄浦,人民广场,上海,fang.com
明天广场,商业,黄浦,人民广场,上海,fang.com
怡水豪庭,商业,黄浦,南京东路,上海,fang.com
中福大厦商住楼,商业,黄浦,南京东路,上海,fang.com
东新大厦商住楼,商业,黄浦,南京东路,上海,fang.com
福州大楼写字楼,写字楼,黄浦,南京东路,上海,fang.com
中怡公寓写字楼,写字楼,黄浦,南京东路,上海,fang.com
中福世福汇商住楼,商业,黄浦,南京东路,上海,fang.com
北方大厦公寓,商业,黄浦,打浦桥,上海,fang.com
天歌大厦公寓,商业,黄浦,打浦桥,上海,fang.com
海华大厦写字楼,写字楼,黄浦,打浦桥,上海,fang.com
建国大厦写字楼,写字楼,黄浦,打浦桥,上海,fang.com
建国路一号公馆,商业,黄浦,打浦桥,上海,fang.com
江南造船大厦商住楼,商业,黄浦,打浦桥,上海,fang.com
联兴大厦,商业,黄浦,打浦桥,上海,fang.com
卢湾68商住楼,商业,黄浦,打浦桥,上海,fang.com
日月光中心,商业,黄浦,打浦桥,上海,fang.com
日月光伯爵居商住楼,商业,黄浦,打浦桥,上海,fang.com
海佳大厦,商业,黄浦,新天地,上海,fang.com
茂名大厦,商业,黄浦,新天地,上海,fang.com
国际广场公寓,商业,黄浦,新天地,上海,fang.com
嘉嘉大楼(办公),商业,黄浦,新天地,上海,fang.com
蒙自园商住楼,商业,黄浦,新天地,上海,fang.com
阳平商务楼,商业,黄浦,新天地,上海,fang.com
巴卡拉,商业,黄浦,淮海中路,上海,fang.com
城市一品苑,商业,黄浦,淮海中路,上海,fang.com
达安广场,商业,黄浦,淮海中路,上海,fang.com
锦麟天地,商业,黄浦,淮海中路,上海,fang.com
巨鹿路360号小区商住楼,商业,黄浦,淮海中路,上海,fang.com
济南路9号小区,商业,黄浦,淮海中路,上海,fang.com
泰山公寓,商业,黄浦,淮海中路,上海,fang.com
香港广场(北座),商业,黄浦,淮海中路,上海,fang.com
雁荡大厦,商业,黄浦,淮海中路,上海,fang.com
太古豪庭,商业,黄浦,老西门,上海,fang.com
安基大厦商住楼,商业,黄浦,老西门,上海,fang.com
宝利金新世纪大厦,商业,黄浦,老西门,上海,fang.com
朝阳大厦,商业,黄浦,老西门,上海,fang.com
东波大厦,商业,黄浦,老西门,上海,fang.com
佳城大厦,商业,黄浦,老西门,上海,fang.com
六角大楼写字楼,写字楼,黄浦,老西门,上海,fang.com
蓬莱花苑商住楼,商业,黄浦,老西门,上海,fang.com
永惠大厦商住楼,商业,黄浦,老西门,上海,fang.com
俞家弄58号小区,商业,黄浦,老西门,上海,fang.com
群英荟,商业,黄浦,董家渡,上海,fang.com
绿地外滩中心写字楼商住楼,写字楼,黄浦,董家渡,上海,fang.com
三角大楼商住楼,商业,黄浦,董家渡,上海,fang.com
南陆大厦,商业,黄浦,蓬莱公园,上海,fang.com
独立时代,商业,黄浦,蓬莱公园,上海,fang.com
黄浦新苑商务楼,商业,黄浦,蓬莱公园,上海,fang.com
城信大厦,商业,黄浦,蓬莱公园,上海,fang.com
海康大厦,商业,黄浦,蓬莱公园,上海,fang.com
丽园公寓,商业,黄浦,蓬莱公园,上海,fang.com
南国大厦写字楼,写字楼,黄浦,蓬莱公园,上海,fang.com
赛元大厦写字楼,写字楼,黄浦,蓬莱公园,上海,fang.com
万事利大厦商住楼,商业,黄浦,蓬莱公园,上海,fang.com
协作大厦写字楼,写字楼,黄浦,蓬莱公园,上海,fang.com
协作大厦商住楼,商业,黄浦,蓬莱公园,上海,fang.com
黄浦东业大厦,商业,黄浦,豫园,上海,fang.com
圣莲大厦写字楼,写字楼,黄浦,豫园,上海,fang.com
南康公寓,商业,黄浦,黄浦滨江,上海,fang.com
中山大楼,商业,黄浦,黄浦滨江,上海,fang.com
怡佳名苑,商业,余姚,世纪路,宁波,fang.com
金鼎豪庭,商业,余姚,余姚其他,宁波,fang.com
启明星座商住楼,商业,余姚,余姚其他,宁波,fang.com
小塘花园,商业,余姚,余姚其他,宁波,fang.com
君怡佳园,商业,余姚,余姚城区,宁波,fang.com
江南新城西区,商业,余姚,余姚城区,宁波,fang.com
绿地悦山府商住楼,商业,余姚,余姚城区,宁波,fang.com
兰墅公寓一期,商业,余姚,余姚城区,宁波,fang.com
兰江花园,商业,余姚,余姚城区,宁波,fang.com
鲤鱼山庄,商业,余姚,余姚城区,宁波,fang.com
兰墅公寓二期,商业,余姚,余姚城区,宁波,fang.com
秘图山公寓南区,商业,余姚,余姚城区,宁波,fang.com
秘图山公寓北区,商业,余姚,余姚城区,宁波,fang.com
南雷公寓,商业,余姚,余姚城区,宁波,fang.com
浦东公寓,商业,余姚,余姚城区,宁波,fang.com
舜大涌金湾,商业,余姚,余姚城区,宁波,fang.com
舜北新村,商业,余姚,余姚城区,宁波,fang.com
山西新村,商业,余姚,余姚城区,宁波,fang.com
上菱新村,商业,余姚,余姚城区,宁波,fang.com
三江口新村,商业,余姚,余姚城区,宁波,fang.com
赛格特花园,商业,余姚,余姚城区,宁波,fang.com
四明公寓东区,商业,余姚,余姚城区,宁波,fang.com
四季东城,商业,余姚,余姚城区,宁波,fang.com
舜南新村,商业,余姚,余姚城区,宁波,fang.com
世纪名苑,商业,余姚,余姚城区,宁波,fang.com
望江家园,商业,余姚,余姚城区,宁波,fang.com
文昌名苑,商业,余姚,余姚城区,宁波,fang.com
万丰苑,商业,余姚,余姚城区,宁波,fang.com
下菱新村,商业,余姚,余姚城区,宁波,fang.com
学弄小区东区,商业,余姚,余姚城区,宁波,fang.com
新都花园,商业,余姚,余姚城区,宁波,fang.com
新城市花园,商业,余姚,余姚城区,宁波,fang.com
宪卿第公寓,商业,余姚,余姚城区,宁波,fang.com
伊顿国际商住楼,商业,余姚,余姚城区,宁波,fang.com
阳明公寓西区,商业,余姚,余姚城区,宁波,fang.com
阳明公寓东区,商业,余姚,余姚城区,宁波,fang.com
中央公馆商住楼,商业,余姚,余姚城区,宁波,fang.com
佳汇景苑,商业,余姚,俞家桥路,宁波,fang.com
郭相桥村商住楼,商业,余姚,兰江,宁波,fang.com
耘林生命公寓·吾乐雅苑,商业,余姚,城东路星光路与冶,宁波,fang.com
兰馨苑,商业,余姚,谭家岭西路,宁波,fang.com
金色阳光,商业,余姚,金川西路,宁波,fang.com
明珠商厦,商业,北仑,北仑,宁波,fang.com
华丽家园,商业,北仑,北仑其他,宁波,fang.com
海畔云城商住楼,商业,北仑,北仑其他,宁波,fang.com
领豪鑫座,商业,北仑,北仑其他,宁波,fang.com
万年卡美丽亚商住楼,商业,北仑,北仑其他,宁波,fang.com
博地影秀城,商业,北仑,大凑,宁波,fang.com
金色海湾,商业,北仑,大榭街镇,宁波,fang.com
山海华庭,商业,北仑,大榭街镇,宁波,fang.com
东一时区,商业,北仑,大碶镇,宁波,fang.com
黄金海岸五期,商业,北仑,大碶镇,宁波,fang.com
摩根国际公寓,商业,北仑,大碶镇,宁波,fang.com
悦公馆,商业,北仑,大碶镇,宁波,fang.com
凤凰国际广场,商业,北仑,大碶镇,宁波,fang.com
好时光,商业,北仑,大碶镇,宁波,fang.com
三江口小区,商业,北仑,大碶镇,宁波,fang.com
天兴嘉园,商业,北仑,大碶镇,宁波,fang.com
丁山华庭(商住楼),商业,北仑,大碶镇,宁波,fang.com
君临北仑国际商业中心,商业,北仑,大碶镇,宁波,fang.com
凤凰国际公寓,商业,北仑,大碶镇,宁波,fang.com
华恒公寓,商业,北仑,大碶镇,宁波,fang.com
酷派公寓,商业,北仑,大碶镇,宁波,fang.com
蓝海,商业,北仑,大碶镇,宁波,fang.com
三江茗楼,商业,北仑,大碶镇,宁波,fang.com
天兴嘉园(商住楼),商业,北仑,大碶镇,宁波,fang.com
万兴公寓,商业,北仑,大碶镇,宁波,fang.com
雄镇家园商住楼,商业,北仑,大碶镇,宁波,fang.com
新锋商务楼,商业,北仑,大碶镇,宁波,fang.com
优居精品公寓,商业,北仑,大碶镇,宁波,fang.com
甬晨大厦,商业,北仑,小港镇,宁波,fang.com
海悦国际公寓商住楼,商业,北仑,小港镇,宁波,fang.com
皇冠大厦,商业,北仑,小港镇,宁波,fang.com
锦港公寓,商业,北仑,小港镇,宁波,fang.com
伦敦楼,商业,北仑,小港镇,宁波,fang.com
万兴茗苑,商业,北仑,小港镇,宁波,fang.com
一品江南,商业,北仑,小港镇,宁波,fang.com
优客公寓,商业,北仑,小港镇,宁波,fang.com
京华茗苑二期,商业,北仑,新碶镇,宁波,fang.com
好望角大厦,商业,北仑,新碶镇,宁波,fang.com
太平洋时代中心,商业,北仑,新碶镇,宁波,fang.com
金城公寓,商业,北仑,新碶镇,宁波,fang.com
新世纪东方花园,商业,北仑,新碶镇,宁波,fang.com
东方名都,商业,北仑,新碶镇,宁波,fang.com
二轻大厦商住楼,商业,北仑,新碶镇,宁波,fang.com
繁佳公寓,商业,北仑,新碶镇,宁波,fang.com
港湾人家商住楼,商业,北仑,新碶镇,宁波,fang.com
惠金佳园商住楼,商业,北仑,新碶镇,宁波,fang.com
华山路278号楼,商业,北仑,新碶镇,宁波,fang.com
金贸大厦,商业,北仑,新碶镇,宁波,fang.com
建行路小区,商业,北仑,新碶镇,宁波,fang.com
明州路146号小区,商业,北仑,新碶镇,宁波,fang.com
柠檬公寓,商业,北仑,新碶镇,宁波,fang.com
思加好旺角,商业,北仑,新碶镇,宁波,fang.com
时代先锋公寓,商业,北仑,新碶镇,宁波,fang.com
新光花园,商业,北仑,新碶镇,宁波,fang.com
新大路17号小区,商业,北仑,新碶镇,宁波,fang.com
镇小路5号商住楼,商业,北仑,新碶镇,宁波,fang.com
龙湖舜海府(商住楼),商业,北仑,春晓,宁波,fang.com
宝业凤鸣壹号,商业,北仑,霞浦,宁波,fang.com
绿城·通山未来社区商住楼,商业,北仑,霞浦街道规划淮河,宁波,fang.com
隆尚府邸,商业,奉化,天伦广场,宁波,fang.com
明化小区,商业,奉化,奉化其他,宁波,fang.com
青藤和园,商业,奉化,奉化其他,宁波,fang.com
禧悦风华中心,商业,奉化,奉化其他,宁波,fang.com
绿城长汀云庐,商业,奉化,奉化城区,宁波,fang.com
银泰城泰悦公馆,商业,奉化,奉化城区,宁波,fang.com
冠城国际,商业,奉化,奉化城区,宁波,fang.com
梅里达国际购物村,商业,奉化,奉化城区,宁波,fang.com
武岭花园,商业,奉化,奉化城区,宁波,fang.com
云山新语(商住楼),商业,奉化,奉化城区,宁波,fang.com
绿都小区,商业,奉化,岳林,宁波,fang.com
朔园(商住楼),商业,奉化,岳林,宁波,fang.com
玖达盛鼎,商业,奉化,岳林,宁波,fang.com
龙宸璟庭(商住楼),商业,奉化,岳林,宁波,fang.com
力邦广场(商住楼),商业,奉化,岳林,宁波,fang.com
时代望府,商业,奉化,岳林,宁波,fang.com
万璟华府,商业,奉化,岳林,宁波,fang.com
东峰路69号厂房,商业,奉化,惠中商城,宁波,fang.com
四明东路19号楼,商业,奉化,惠中商城,宁波,fang.com
岳林公寓,商业,奉化,惠中商城,宁波,fang.com
塔山小区,商业,奉化,江口,宁波,fang.com
新浦小区,商业,奉化,江口,宁波,fang.com
南山北路16号楼,商业,奉化,锦屏,宁波,fang.com
坦坑家园,商业,宁海,兴海中路,宁波,fang.com
星耀城商住楼,商业,宁海,天明西路与西环线,宁波,fang.com
尚都城奥特莱斯,商业,宁海,宁海大厦,宁波,fang.com
花开汶溪院,商业,宁海,桥头胡街道双林村,宁波,fang.com
西子国际广场,商业,宁海,梅林,宁波,fang.com
海锦苑,商业,宁海,跃龙,宁波,fang.com
环城北路2号楼,商业,宁海,跃龙,宁波,fang.com
宁海西子国际广场,商业,宁海,跃龙,宁波,fang.com
人民大道25-41号楼,商业,宁海,跃龙,宁波,fang.com
人民大道128号商住楼,商业,宁海,跃龙,宁波,fang.com
桃源中路98-100号楼,商业,宁海,跃龙,宁波,fang.com
兴宁中路120号楼,商业,宁海,跃龙,宁波,fang.com
兴宁南路420号楼,商业,宁海,跃龙,宁波,fang.com
兴宁中路282号楼,商业,宁海,跃龙,宁波,fang.com
银海嘉园,商业,宁海,跃龙,宁波,fang.com
正学公寓,商业,宁海,跃龙,宁波,fang.com
正学路46号小区,商业,宁海,跃龙,宁波,fang.com
紫溪名苑,商业,宁海,跃龙,宁波,fang.com
宁兴家园,商业,慈溪,北二环中路,宁波,fang.com
大观璟园商住楼,商业,慈溪,宗汉,宁波,fang.com
康鑫城商住楼,商业,慈溪,宗汉,宁波,fang.com
鸣北小区,商业,慈溪,宗汉,宁波,fang.com
鸣山新村,商业,慈溪,宗汉,宁波,fang.com
尚源佳苑,商业,慈溪,宗汉,宁波,fang.com
中梁泊景庭,商业,慈溪,宗汉,宁波,fang.com
嘉润国际广场,商业,慈溪,慈溪,宁波,fang.com
冠城晶典商住楼,商业,慈溪,慈溪其他,宁波,fang.com
慈溪中央大厦,商业,慈溪,慈溪城区,宁波,fang.com
碧海星辰商住楼,商业,慈溪,慈溪城区,宁波,fang.com
波斯曼酒店公寓,商业,慈溪,慈溪城区,宁波,fang.com
慈溪一品空间,商业,慈溪,慈溪城区,宁波,fang.com
慈溪财富中心,商业,慈溪,慈溪城区,宁波,fang.com
慈溪联盛广场,商业,慈溪,慈溪城区,宁波,fang.com
东瑞大厦,商业,慈溪,慈溪城区,宁波,fang.com
梵石壹方大厦,商业,慈溪,慈溪城区,宁波,fang.com
恒威育才国际社区商住楼,商业,慈溪,慈溪城区,宁波,fang.com
和润公寓,商业,慈溪,慈溪城区,宁波,fang.com
嘉丽慈溪环球中心,商业,慈溪,慈溪城区,宁波,fang.com
吉祥新村一区,商业,慈溪,慈溪城区,宁波,fang.com
吉祥新村三区,商业,慈溪,慈溪城区,宁波,fang.com
金星花园,商业,慈溪,慈溪城区,宁波,fang.com
金山新村东区,商业,慈溪,慈溪城区,宁波,fang.com
金山新村北区,商业,慈溪,慈溪城区,宁波,fang.com
金山南区,商业,慈溪,慈溪城区,宁波,fang.com
金东北苑,商业,慈溪,慈溪城区,宁波,fang.com
界牌新村,商业,慈溪,慈溪城区,宁波,fang.com
金棉小区,商业,慈溪,慈溪城区,宁波,fang.com
嘉和名苑北区,商业,慈溪,慈溪城区,宁波,fang.com
嘉和名苑南区,商业,慈溪,慈溪城区,宁波,fang.com
楼家新村,商业,慈溪,慈溪城区,宁波,fang.com
隆兴家园,商业,慈溪,慈溪城区,宁波,fang.com
玲珑小区,商业,慈溪,慈溪城区,宁波,fang.com
丽都苑,商业,慈溪,慈溪城区,宁波,fang.com
牡丹公寓,商业,慈溪,慈溪城区,宁波,fang.com
茅家小区,商业,慈溪,慈溪城区,宁波,fang.com
美邦商务楼,商业,慈溪,慈溪城区,宁波,fang.com
齐欣苑,商业,慈溪,慈溪城区,宁波,fang.com
孙塘新村,商业,慈溪,慈溪城区,宁波,fang.com
水门村工贸大楼商住楼,商业,慈溪,慈溪城区,宁波,fang.com
童家新村,商业,慈溪,慈溪城区,宁波,fang.com
文鼎星苑,商业,慈溪,慈溪城区,宁波,fang.com
万江华庭,商业,慈溪,慈溪城区,宁波,fang.com
望江苑,商业,慈溪,慈溪城区,宁波,fang.com
香格国际广场商住楼,商业,慈溪,慈溪城区,宁波,fang.com
西门新村,商业,慈溪,慈溪城区,宁波,fang.com
橡树湾,商业,慈溪,慈溪城区,宁波,fang.com
新潮塘南苑,商业,慈溪,慈溪城区,宁波,fang.com
昀都公寓,商业,慈溪,慈溪城区,宁波,fang.com
壹公馆,商业,慈溪,慈溪城区,宁波,fang.com
峙山庄园商住楼,商业,慈溪,慈溪城区,宁波,fang.com
中海湖心半岛商业商住楼,商业,慈溪,慈溪城区,宁波,fang.com
宁兴掌尚名筑,商业,慈溪,掌起,宁波,fang.com
蓝光雍锦湾商住楼,商业,慈溪,杭州湾,宁波,fang.com
融创杭州湾壹号商住楼,商业,慈溪,杭州湾,宁波,fang.com
世外旭辉城商住楼,商业,慈溪,杭州湾,宁波,fang.com
康桥风尚,商业,江北,双东坊,宁波,fang.com
怡江小区,商业,江北,孔浦,宁波,fang.com
华业街36号楼,商业,江北,孔浦,宁波,fang.com
港埠三区商住楼,商业,江北,孔浦,宁波,fang.com
绿梅社区,商业,江北,孔浦,宁波,fang.com
甬江一品,商业,江北,宁波文创港,宁波,fang.com
文创甬江城(住宅)商住楼,住宅,江北,宁波文创港,宁波,fang.com
天合财汇中心,商业,江北,庄桥,宁波,fang.com
金领公寓,商业,江北,庄桥,宁波,fang.com
新地曙光园,商业,江北,庄桥,宁波,fang.com
爱情SOHO,商业,江北,庄桥,宁波,fang.com
格宁精品公寓,商业,江北,庄桥,宁波,fang.com
孔家金苑,商业,江北,庄桥,宁波,fang.com
康庄南路501号公寓,商业,江北,庄桥,宁波,fang.com
宁波宝龙天地,商业,江北,庄桥,宁波,fang.com
御公馆,商业,江北,庄桥,宁波,fang.com
走马街广场,商业,江北,慈城,宁波,fang.com
慈水心境里商住楼,商业,江北,慈城,宁波,fang.com
星湖湾(商住楼),商业,江北,日湖公园,宁波,fang.com
1872花园坊,商业,江北,日湖公园,宁波,fang.com
金隅大成时代,商业,江北,日湖公园,宁波,fang.com
1872花园坊(重复),商业,江北,日湖公园,宁波,fang.com
百骏中心商住楼,商业,江北,日湖公园,宁波,fang.com
大闸社区(商住楼),商业,江北,日湖公园,宁波,fang.com
天境花园,商业,江北,日湖公园,宁波,fang.com
中国铁建花语江湾商住楼,商业,江北,日湖公园,宁波,fang.com
中国湾头·星湖湾商住楼,商业,江北,日湖公园,宁波,fang.com
来福士公寓,商业,江北,来福士,宁波,fang.com
中海·逸江源境丨逸江汇商住楼,商业,江北,来福士,宁波,fang.com
江北万达公寓,商业,江北,江北万达,宁波,fang.com
万科滨悦中心,商业,江北,江北其他,宁波,fang.com
轨交绿城·滨河沁月商住楼,商业,江北,江北北区,宁波,fang.com
朗诗清澄,商业,江北,洪塘,宁波,fang.com
TOD·春风云筑,商业,江北,洪塘,宁波,fang.com
绿地U+未来中心,商业,江北,洪塘,宁波,fang.com
姚江里,商业,江北,洪塘,宁波,fang.com
尼塔国际,商业,江北,洪塘,宁波,fang.com
姚江新都大厦,商业,江北,洪塘,宁波,fang.com
上邵家园,商业,江北,洪塘,宁波,fang.com
锦育小区,商业,江北,洪塘,宁波,fang.com
金山中心,商业,江北,洪塘,宁波,fang.com
世茂新岸,商业,江北,洪塘,宁波,fang.com
世茂前滩1号,商业,江北,洪塘,宁波,fang.com
深悦商业广场,商业,江北,洪塘,宁波,fang.com
远洲大酒店吉家公寓,商业,江北,洪塘,宁波,fang.com
路劲新天地,商业,江北,白沙,宁波,fang.com
大时代,商业,江北,老外滩,宁波,fang.com
同方杰座,商业,江北,老外滩,宁波,fang.com
海顿公馆公寓,商业,江北,老外滩,宁波,fang.com
百隆东外滩花园商住楼,商业,江北,老外滩,宁波,fang.com
老外滩商住楼,商业,江北,老外滩,宁波,fang.com
信达中建黉河街27院,商业,海曙,中山广场,宁波,fang.com
秀水社区,商业,海曙,中山广场,宁波,fang.com
恒厚阳光一品,商业,海曙,中山西路,宁波,fang.com
江湾SOHO,商业,海曙,南苑街,宁波,fang.com
南雅社区,商业,海曙,南苑街,宁波,fang.com
城投中湾广场,商业,海曙,南苑街,宁波,fang.com
时代新居,商业,海曙,南苑街,宁波,fang.com
水茂华园,商业,海曙,南苑街,宁波,fang.com
南塘金茂府商住楼,商业,海曙,南苑街,宁波,fang.com
华恒中心,商业,海曙,南苑街,宁波,fang.com
丽园尚品,商业,海曙,南苑街,宁波,fang.com
南塘新街,商业,海曙,南苑街,宁波,fang.com
南苑街148弄小区,商业,海曙,南苑街,宁波,fang.com
宁波公馆公寓,商业,海曙,南苑街,宁波,fang.com
南塘金茂府公寓,商业,海曙,南苑街,宁波,fang.com
龙湾银都,商业,海曙,南门,宁波,fang.com
俞家商住楼,商业,海曙,古林镇,宁波,fang.com
银亿环球中心,商业,海曙,天一广场,宁波,fang.com
恒一城市广场,商业,海曙,天一广场,宁波,fang.com
灵桥公寓,商业,海曙,天一广场,宁波,fang.com
世纪广场(商住楼),商业,海曙,天一广场,宁波,fang.com
新外滩商住楼,商业,海曙,天一广场,宁波,fang.com
威斯汀公寓,商业,海曙,天一广场,宁波,fang.com
博府丽景湾,商业,海曙,客运中心,宁波,fang.com
泛亚国际,商业,海曙,客运中心,宁波,fang.com
博府丽景湾写字楼,写字楼,海曙,客运中心,宁波,fang.com
洛兹广场,商业,海曙,客运中心,宁波,fang.com
丽苑商务中心,商业,海曙,客运中心,宁波,fang.com
香溢秀水长郎,商业,海曙,客运中心,宁波,fang.com
城市先锋,商业,海曙,月湖公园,宁波,fang.com
宝龙雅戈尔江汇城商住楼,商业,海曙,望春路,宁波,fang.com
吉时达罗曼风情公寓,商业,海曙,望春路,宁波,fang.com
柏乐酒店公寓,商业,海曙,望春路,宁波,fang.com
共享蜂学苑社区,商业,海曙,望春路,宁波,fang.com
吉时达罗曼风情商住楼,商业,海曙,望春路,宁波,fang.com
乐和家园,商业,海曙,望春路,宁波,fang.com
四季翠园商住楼,商业,海曙,望春路,宁波,fang.com
"徐家漕路244,256,264号楼",商业,海曙,望春路,宁波,fang.com
城市智荟,商业,海曙,段塘,宁波,fang.com
金湖世家,商业,海曙,段塘,宁波,fang.com
尚南小筑,商业,海曙,段塘,宁波,fang.com
乾宁府公寓,商业,海曙,段塘,宁波,fang.com
星荟PARK商住楼,商业,海曙,海曙其他,宁波,fang.com
祝家桥村银杏新村商住楼,商业,海曙,海曙西,宁波,fang.com
枫景公寓,商业,海曙,石碶,宁波,fang.com
布利杰城南公馆商住楼,商业,海曙,石碶,宁波,fang.com
洛兹家园,商业,海曙,石碶,宁波,fang.com
南邦名座,商业,海曙,石碶,宁波,fang.com
星荟park(商住楼),商业,海曙,石碶,宁波,fang.com
集成名苑(公寓),商业,海曙,联丰路,宁波,fang.com
薛家南路499号楼,商业,海曙,联丰路,宁波,fang.com
礼嘉桥新村,商业,海曙,联丰路,宁波,fang.com
启运路528弄32号楼,商业,海曙,联丰路,宁波,fang.com
宋城佳苑,商业,海曙,联丰路,宁波,fang.com
天玮公馆,商业,海曙,联丰路,宁波,fang.com
翔威迎春,商业,海曙,联丰路,宁波,fang.com
学院路29号办公楼,商业,海曙,联丰路,宁波,fang.com
中元城市广场,商业,海曙,西门,宁波,fang.com
城市广场(海曙商住楼),商业,海曙,西门,宁波,fang.com
甬宿连锁公寓,商业,海曙,集士港,宁波,fang.com
利时新里程,商业,海曙,集士港,宁波,fang.com
泰丰半岛悦城商住楼,商业,海曙,集士港,宁波,fang.com
微客+,商业,海曙,集士港,宁波,fang.com
中梁国宾府商住楼,商业,海曙,集士港,宁波,fang.com
大安风华,商业,海曙,青林湾,宁波,fang.com
恒威海上花院跃公馆,商业,海曙,青林湾,宁波,fang.com
莱茵堡花园,商业,海曙,青林湾,宁波,fang.com
城市金领,商业,海曙,青林湾,宁波,fang.com
公园壹号,商业,海曙,青林湾,宁波,fang.com
大安风华(新房),商业,海曙,青林湾,宁波,fang.com
海上花院跃公馆二期,商业,海曙,青林湾,宁波,fang.com
海上花院跃公馆,商业,海曙,青林湾,宁波,fang.com
邻里花园商住楼,商业,海曙,青林湾,宁波,fang.com
青苹果写字楼,写字楼,海曙,青林湾,宁波,fang.com
星悦府公寓,商业,海曙,马园,宁波,fang.com
大公馆公寓,商业,海曙,马园,宁波,fang.com
天海大酒店,商业,海曙,马园,宁波,fang.com
星悦中心商住楼,商业,海曙,马园,宁波,fang.com
望京人文,商业,海曙,高塘,宁波,fang.com
西姿银楼,商业,海曙,高桥,宁波,fang.com
佳苑公寓,商业,海曙,高桥,宁波,fang.com
城市方格公寓,商业,海曙,高桥,宁波,fang.com
城市方格(商住楼),商业,海曙,高桥,宁波,fang.com
城市方格,商业,海曙,高桥,宁波,fang.com
栖息地公寓,商业,海曙,高桥,宁波,fang.com
沁俪铭楼,商业,海曙,高桥,宁波,fang.com
中西小区,商业,海曙,鼓楼,宁波,fang.com
中山商务,商业,海曙,鼓楼,宁波,fang.com
宝龙东望商住楼,商业,象山,城北,宁波,fang.com
博浪海港城,商业,象山,城北,宁波,fang.com
东城官邸,商业,象山,城北,宁波,fang.com
华龙商住楼,商业,象山,城北,宁波,fang.com
建设路166号楼,商业,象山,城北,宁波,fang.com
绿城象山百合公寓,商业,象山,城北,宁波,fang.com
锦绣家园,商业,象山,城西,宁波,fang.com
象山三元液压有限公司商住楼,商业,象山,城西,宁波,fang.com
石浦镇原凤栖路13号商住楼地块,商业,象山,石浦,宁波,fang.com
渔港北路82号楼,商业,象山,石浦,宁波,fang.com
盛世昌明(新房),商业,象山,西周,宁波,fang.com
耀辰公馆,商业,象山,象山其他,宁波,fang.com
嘉盛银座,商业,镇海,庄市镇,宁波,fang.com
财富广场斯玛特公馆,商业,镇海,庄市镇,宁波,fang.com
明海公寓,商业,镇海,庄市镇,宁波,fang.com
里夏新村,商业,镇海,庄市镇,宁波,fang.com
同心苑镇海,商业,镇海,庄市镇,宁波,fang.com
柏璟公寓,商业,镇海,庄市镇,宁波,fang.com
富力院士庭公寓,商业,镇海,庄市镇,宁波,fang.com
富力院士庭(商住楼),商业,镇海,庄市镇,宁波,fang.com
宁波富力院士庭,商业,镇海,庄市镇,宁波,fang.com
上金天地,商业,镇海,庄市镇,宁波,fang.com
同源路600号,商业,镇海,庄市镇,宁波,fang.com
庄市大道788号楼,商业,镇海,庄市镇,宁波,fang.com
维科南熏别院,商业,镇海,招宝山,宁波,fang.com
西门小区,商业,镇海,招宝山,宁波,fang.com
四方小区,商业,镇海,招宝山,宁波,fang.com
三角地小区,商业,镇海,招宝山,宁波,fang.com
建筑新村,商业,镇海,招宝山,宁波,fang.com
翰林国际,商业,镇海,招宝山,宁波,fang.com
庙前路小区,商业,镇海,招宝山,宁波,fang.com
童仓小区,商业,镇海,招宝山,宁波,fang.com
郁金香公馆商住楼,商业,镇海,招宝山,宁波,fang.com
镇棉小区,商业,镇海,招宝山,宁波,fang.com
兴建花园,商业,镇海,澥浦镇,宁波,fang.com
金丰阳光,商业,镇海,蛟川,宁波,fang.com
恒威壹品君园(商住楼),商业,镇海,蛟川,宁波,fang.com
招宝阳光,商业,镇海,蛟川,宁波,fang.com
金悦SOHO公寓,商业,镇海,蛟川,宁波,fang.com
炼化桔园小区,商业,镇海,蛟川,宁波,fang.com
世贸公馆商住楼,商业,镇海,蛟川,宁波,fang.com
世贸广场(商住楼),商业,镇海,蛟川,宁波,fang.com
利时爱丁堡,商业,镇海,骆驼镇,宁波,fang.com
恒裕玫瑰湾,商业,镇海,骆驼镇,宁波,fang.com
瑞丰欢乐颂L+,商业,镇海,骆驼镇,宁波,fang.com
骆驼东州建材市场小区,商业,镇海,骆驼镇,宁波,fang.com
丽景英郡,商业,镇海,骆驼镇,宁波,fang.com
镇海利时广场,商业,镇海,骆驼镇,宁波,fang.com
丁桥兰苑,商业,上城,丁桥,杭州,fang.com
明珠1号,商业,上城,丁桥,杭州,fang.com
滨江同协金座公寓,商业,上城,丁桥,杭州,fang.com
柏悦公馆,商业,上城,丁桥,杭州,fang.com
丁兰商业中心,商业,上城,丁桥,杭州,fang.com
丁桥新城广场,商业,上城,丁桥,杭州,fang.com
大唐商务大厦,商业,上城,丁桥,杭州,fang.com
徳珠商务中心,商业,上城,丁桥,杭州,fang.com
德珠商务中心,商业,上城,丁桥,杭州,fang.com
海伦堡.星座,商业,上城,丁桥,杭州,fang.com
启迪协信杭州科技城泊晶,商业,上城,丁桥,杭州,fang.com
启迪协信公寓,商业,上城,丁桥,杭州,fang.com
协信启迪智慧城,商业,上城,丁桥,杭州,fang.com
置鼎明珠1号,商业,上城,丁桥,杭州,fang.com
中豪湘和国际,商业,上城,三堡,杭州,fang.com
融信·江河盛会,商业,上城,三堡,杭州,fang.com
三堡南苑,商业,上城,三堡,杭州,fang.com
向江来时代中心公寓,商业,上城,三堡,杭州,fang.com
云峰一区,商业,上城,三堡,杭州,fang.com
东方时代中心,商业,上城,三里亭,杭州,fang.com
联合麦田,商业,上城,三里亭,杭州,fang.com
神州白云大厦,商业,上城,三里亭,杭州,fang.com
佰富时代中心公寓,商业,上城,三里亭,杭州,fang.com
东方丽都花苑商住楼,商业,上城,三里亭,杭州,fang.com
范家天成公寓,商业,上城,三里亭,杭州,fang.com
华丰农居,商业,上城,三里亭,杭州,fang.com
克拉公馆,商业,上城,三里亭,杭州,fang.com
杰立公馆,商业,上城,三里亭,杭州,fang.com
沁园雅舍生活馆,商业,上城,三里亭,杭州,fang.com
龙湖上城天街铂金岛,商业,上城,乔司,杭州,fang.com
地铁东城广场,商业,上城,九堡,杭州,fang.com
九天泽一国际公寓,商业,上城,九堡,杭州,fang.com
九堡东方公寓,商业,上城,九堡,杭州,fang.com
东大门公寓,商业,上城,九堡,杭州,fang.com
国芳购物中心,商业,上城,九堡,杭州,fang.com
杭海金座,商业,上城,九堡,杭州,fang.com
璞玉公馆,商业,上城,九堡,杭州,fang.com
龙湖·天瑄城商住楼,商业,上城,九堡,杭州,fang.com
鑫运时代金座商住楼,商业,上城,九堡,杭州,fang.com
五堡二区,商业,上城,五堡,杭州,fang.com
五堡四区,商业,上城,五堡,杭州,fang.com
兴隆公寓,商业,上城,五堡,杭州,fang.com
越秀地产天萃名邸商住楼,商业,上城,五堡,杭州,fang.com
潮观凤起,商业,上城,凯旋,杭州,fang.com
揽潮誉道,商业,上城,凯旋,杭州,fang.com
钱潮鸣翠云筑,商业,上城,凯旋,杭州,fang.com
百大绿城,商业,上城,凯旋,杭州,fang.com
四海花城,商业,上城,凯旋,杭州,fang.com
滨江华家池商住楼,商业,上城,华家池,杭州,fang.com
世茂天玑公寓,商业,上城,华家池,杭州,fang.com
华景北苑,商业,上城,华家池,杭州,fang.com
华家池印公寓商住楼,商业,上城,华家池,杭州,fang.com
绿地华家池印商住楼,商业,上城,华家池,杭州,fang.com
农业厅第三宿舍,商业,上城,华家池,杭州,fang.com
世茂天玑,商业,上城,华家池,杭州,fang.com
同方国际广场,商业,上城,华家池,杭州,fang.com
紫玉公馆,商业,上城,华家池,杭州,fang.com
海运都会钱塘,商业,上城,南星,杭州,fang.com
海运国际公寓,商业,上城,南星,杭州,fang.com
久宸里,商业,上城,南星,杭州,fang.com
钱江国际商务中心,商业,上城,南星,杭州,fang.com
云江花园商住楼,商业,上城,南星,杭州,fang.com
南肖埠小区,商业,上城,南肖埠,杭州,fang.com
广茵大厦,商业,上城,南肖埠,杭州,fang.com
华景南苑,商业,上城,南肖埠,杭州,fang.com
金兰池社区,商业,上城,南肖埠,杭州,fang.com
凯旋公寓,商业,上城,南肖埠,杭州,fang.com
庆春门社区,商业,上城,南肖埠,杭州,fang.com
居安坊,商业,上城,四季青,杭州,fang.com
东亚新干线公寓,商业,上城,城东新城,杭州,fang.com
环翼城,商业,上城,城东新城,杭州,fang.com
三花国际公寓,商业,上城,城东新城,杭州,fang.com
德信环翼城公寓,商业,上城,城东新城,杭州,fang.com
宋都时间国际公寓,商业,上城,城东新城,杭州,fang.com
祥生中心公寓,商业,上城,城东新城,杭州,fang.com
滨江龙湖明石东潮府商住楼,商业,上城,城东新城,杭州,fang.com
德信杭州之翼公寓,商业,上城,城东新城,杭州,fang.com
东站花园国际,商业,上城,城东新城,杭州,fang.com
杭州港龙城,商业,上城,城东新城,杭州,fang.com
杭州港龙城公寓,商业,上城,城东新城,杭州,fang.com
龙湖金地商置都会风华商住楼,商业,上城,城东新城,杭州,fang.com
祥生中心,商业,上城,城东新城,杭州,fang.com
中豪国际,商业,上城,城东新城,杭州,fang.com
中豪五星国际,商业,上城,城东新城,杭州,fang.com
基金小镇,商业,上城,复兴,杭州,fang.com
兰江公寓,商业,上城,复兴,杭州,fang.com
玉皇山基金小镇,商业,上城,复兴,杭州,fang.com
长堤明苑写字楼,写字楼,上城,小营,杭州,fang.com
富春大厦,商业,上城,小营,杭州,fang.com
格林公馆,商业,上城,小营,杭州,fang.com
环东新村,商业,上城,小营,杭州,fang.com
金色城品公寓,商业,上城,小营,杭州,fang.com
嘉德广场商住楼,商业,上城,小营,杭州,fang.com
金衙庄商务楼,商业,上城,小营,杭州,fang.com
上城凯恩西湖金座,商业,上城,小营,杭州,fang.com
通润银座,商业,上城,小营,杭州,fang.com
万新大厦,商业,上城,小营,杭州,fang.com
万科金色城品,商业,上城,小营,杭州,fang.com
西牌楼社区,商业,上城,小营,杭州,fang.com
新东方大厦,商业,上城,小营,杭州,fang.com
星河商务大厦,商业,上城,小营,杭州,fang.com
西湖国贸大厦,商业,上城,小营,杭州,fang.com
香榭商务大厦,商业,上城,小营,杭州,fang.com
中凯东方红街,商业,上城,彭埠,杭州,fang.com
红街天城公寓,商业,上城,彭埠,杭州,fang.com
和兴云合印中心,商业,上城,彭埠,杭州,fang.com
华润中央车站广场,商业,上城,彭埠,杭州,fang.com
东渡酩悦商住楼,商业,上城,彭埠,杭州,fang.com
广宇东港空间,商业,上城,彭埠,杭州,fang.com
广宇东宁公馆,商业,上城,彭埠,杭州,fang.com
红街天城,商业,上城,彭埠,杭州,fang.com
汇和国际,商业,上城,彭埠,杭州,fang.com
恒祺克拉天玺,商业,上城,彭埠,杭州,fang.com
华润置地中央车站广场,商业,上城,彭埠,杭州,fang.com
华润置地中央车站广场商住楼,商业,上城,彭埠,杭州,fang.com
迈达商业中心,商业,上城,彭埠,杭州,fang.com
景芳六区,商业,上城,景芳,杭州,fang.com
新城时代广场,商业,上城,景芳,杭州,fang.com
浙江交运大厦,商业,上城,景芳,杭州,fang.com
中豪湘座,商业,上城,景芳,杭州,fang.com
海潮望月城|潮印,商业,上城,望江,杭州,fang.com
世茂江滨商业中心,商业,上城,江干周边,杭州,fang.com
柳浪阁,商业,上城,清波,杭州,fang.com
吴山公寓,商业,上城,清波,杭州,fang.com
万新悠居乐,商业,上城,清波,杭州,fang.com
吴山商务综合楼商住楼,商业,上城,清波,杭州,fang.com
西湖8号公馆,商业,上城,清波,杭州,fang.com
东方金座,商业,上城,湖滨,杭州,fang.com
东坡路66号院,商业,上城,湖滨,杭州,fang.com
东坡路66号小区,商业,上城,湖滨,杭州,fang.com
广厦西湖时代广场,商业,上城,湖滨,杭州,fang.com
名珏公寓,商业,上城,湖滨,杭州,fang.com
平海国际商务大厦商住楼,商业,上城,湖滨,杭州,fang.com
仁和大厦,商业,上城,湖滨,杭州,fang.com
娃哈哈大厦,商业,上城,湖滨,杭州,fang.com
元华公寓,商业,上城,湖滨,杭州,fang.com
浙艺大厦,商业,上城,湖滨,杭州,fang.com
揽月臻翠府·臻橒,商业,上城,笕桥,杭州,fang.com
浙商国际中心,商业,上城,笕桥,杭州,fang.com
大世界五金城,商业,上城,笕桥,杭州,fang.com
大世界五金城(办公),商业,上城,笕桥,杭州,fang.com
杭州明石商业大厦,商业,上城,笕桥,杭州,fang.com
明石商业大厦,商业,上城,笕桥,杭州,fang.com
桃源里产业园,商业,上城,笕桥,杭州,fang.com
万事利公寓,商业,上城,笕桥,杭州,fang.com
原筑壹号写字楼,写字楼,上城,笕桥,杭州,fang.com
原筑壹号公寓,商业,上城,笕桥,杭州,fang.com
金都华府,商业,上城,紫阳,杭州,fang.com
绿城蓝色钱江写字楼,写字楼,上城,紫阳,杭州,fang.com
木场巷社区,商业,上城,紫阳,杭州,fang.com
宋都商城,商业,上城,紫阳,杭州,fang.com
通江桥小区,商业,上城,紫阳,杭州,fang.com
新桥新会,商业,上城,紫阳,杭州,fang.com
普大福地,商业,上城,艮北新城,杭州,fang.com
招商汇铂金座,商业,上城,艮北新城,杭州,fang.com
浜河部落,商业,上城,艮北新城,杭州,fang.com
公园1872上屿,商业,上城,艮北新城,杭州,fang.com
普大福地公寓,商业,上城,艮北新城,杭州,fang.com
天达广场,商业,上城,艮北新城,杭州,fang.com
物产天地中心,商业,上城,艮北新城,杭州,fang.com
华龙坊,商业,上城,近江,杭州,fang.com
观谰临江行政官邸,商业,上城,近江,杭州,fang.com
观澜郡亭公寓,商业,上城,近江,杭州,fang.com
临江金座,商业,上城,近江,杭州,fang.com
日信国际商住楼,商业,上城,近江,杭州,fang.com
尚筑金座,商业,上城,近江,杭州,fang.com
兴合望江中心,商业,上城,近江,杭州,fang.com
清泰小区,商业,上城,采荷,杭州,fang.com
花圃铁路新村,商业,上城,采荷,杭州,fang.com
采荷人家,商业,上城,采荷,杭州,fang.com
采荷大厦,商业,上城,采荷,杭州,fang.com
滨江万潮星汇,商业,上城,采荷,杭州,fang.com
采荷南苑,商业,上城,采荷,杭州,fang.com
定海苑一区,商业,上城,采荷,杭州,fang.com
杭州大润城,商业,上城,采荷,杭州,fang.com
健风大厦,商业,上城,采荷,杭州,fang.com
万象城悦玺,商业,上城,钱江新城,杭州,fang.com
泛海国际中心,商业,上城,钱江新城,杭州,fang.com
杭州高德置地广场,商业,上城,钱江新城,杭州,fang.com
钱塘航空大厦,商业,上城,钱江新城,杭州,fang.com
城市之星(50年),商业,上城,钱江新城,杭州,fang.com
迪凯金座公寓,商业,上城,钱江新城,杭州,fang.com
君豪ONE53,商业,上城,钱江新城,杭州,fang.com
钱江国际时代广场,商业,上城,钱江新城,杭州,fang.com
建杭江与河,商业,上城,钱江新城,杭州,fang.com
安居临江金座,商业,上城,钱江新城,杭州,fang.com
东方君悦商住楼,商业,上城,钱江新城,杭州,fang.com
泛海国际,商业,上城,钱江新城,杭州,fang.com
黄龙御玺公寓,商业,上城,钱江新城,杭州,fang.com
杭州来福士广场公寓,商业,上城,钱江新城,杭州,fang.com
钱江商务广场,商业,上城,钱江新城,杭州,fang.com
三叉花苑,商业,上城,钱江新城,杭州,fang.com
世包国际中心公寓,商业,上城,钱江新城,杭州,fang.com
水岸帝景商住楼,商业,上城,钱江新城,杭州,fang.com
万银国际,商业,上城,钱江新城,杭州,fang.com
越秀招商·云悦湾商住楼,商业,上城,钱江新城,杭州,fang.com
机神新村,商业,上城,闸弄口,杭州,fang.com
京惠紫枫阁,商业,上城,闸弄口,杭州,fang.com
杰立公馆写字楼,写字楼,上城,闸弄口,杭州,fang.com
美博城(办公),商业,上城,闸弄口,杭州,fang.com
青城山语间,商业,临安,临安,杭州,fang.com
滨江·天目山晓城,商业,临安,临安,杭州,fang.com
金城华府,商业,临安,临安,杭州,fang.com
临安宝龙广场(商住楼),商业,临安,临安,杭州,fang.com
万马樱花公馆,商业,临安,临安,杭州,fang.com
云集金座公寓,商业,临安,临安,杭州,fang.com
白水涧山庄养生度假公寓,商业,临安,临安,杭州,fang.com
白水涧山庄,商业,临安,临安,杭州,fang.com
白云小镇,商业,临安,临安,杭州,fang.com
白鹤溪径,商业,临安,临安,杭州,fang.com
宝利北秀苑商住楼,商业,临安,临安,杭州,fang.com
白水涧公寓商住楼,商业,临安,临安,杭州,fang.com
白云小镇公寓商住楼,商业,临安,临安,杭州,fang.com
滨虹商务中心,商业,临安,临安,杭州,fang.com
财富商厦,商业,临安,临安,杭州,fang.com
地上春天,商业,临安,临安,杭州,fang.com
东天目大泽地,商业,临安,临安,杭州,fang.com
东天目塘顶仙境,商业,临安,临安,杭州,fang.com
大泽地度假公寓,商业,临安,临安,杭州,fang.com
大桥南路30号小区商住楼,商业,临安,临安,杭州,fang.com
富康公寓商住楼,商业,临安,临安,杭州,fang.com
国瑞中心公寓,商业,临安,临安,杭州,fang.com
汇锦华庭,商业,临安,临安,杭州,fang.com
恒晟左邻右里,商业,临安,临安,杭州,fang.com
回龙公寓,商业,临安,临安,杭州,fang.com
湖塘公寓,商业,临安,临安,杭州,fang.com
锦天花园,商业,临安,临安,杭州,fang.com
锦天城市花园,商业,临安,临安,杭州,fang.com
锦绣山水苑,商业,临安,临安,杭州,fang.com
金桥公寓,商业,临安,临安,杭州,fang.com
九洲星座,商业,临安,临安,杭州,fang.com
金石临栖公寓,商业,临安,临安,杭州,fang.com
临安春天花园,商业,临安,临安,杭州,fang.com
临安百合苑,商业,临安,临安,杭州,fang.com
临安大厦单身公寓,商业,临安,临安,杭州,fang.com
临安太湖源度假房,商业,临安,临安,杭州,fang.com
临安水岸阳光商住楼,商业,临安,临安,杭州,fang.com
临安汇锦华庭商住楼,商业,临安,临安,杭州,fang.com
丽景苑商住楼,商业,临安,临安,杭州,fang.com
临天九弄商住楼,商业,临安,临安,杭州,fang.com
临安商城公寓商住楼,商业,临安,临安,杭州,fang.com
临天八弄商住楼,商业,临安,临安,杭州,fang.com
玫瑰苑,商业,临安,临安,杭州,fang.com
美林玉泉山庄,商业,临安,临安,杭州,fang.com
南方公寓,商业,临安,临安,杭州,fang.com
泉林居,商业,临安,临安,杭州,fang.com
勤俭弄小区商住楼,商业,临安,临安,杭州,fang.com
瑞麒佳苑,商业,临安,临安,杭州,fang.com
天目山清泉居,商业,临安,临安,杭州,fang.com
天目山锦绣山庄,商业,临安,临安,杭州,fang.com
天目山明月阁,商业,临安,临安,杭州,fang.com
天目山泉林居,商业,临安,临安,杭州,fang.com
天目金桂度假公寓,商业,临安,临安,杭州,fang.com
天目山清风筑园,商业,临安,临安,杭州,fang.com
天阳大厦商住楼,商业,临安,临安,杭州,fang.com
天目观山月,商业,临安,临安,杭州,fang.com
天目苑商住楼,商业,临安,临安,杭州,fang.com
万乐园,商业,临安,临安,杭州,fang.com
万隆公寓,商业,临安,临安,杭州,fang.com
新民小区商住楼,商业,临安,临安,杭州,fang.com
云安小镇,商业,临安,临安,杭州,fang.com
永隆公寓商住楼,商业,临安,临安,杭州,fang.com
药厂宿舍商住楼,商业,临安,临安,杭州,fang.com
浙皖农贸城,商业,临安,临安,杭州,fang.com
筑境花园,商业,临安,临安,杭州,fang.com
竹林风华,商业,临安,临安,杭州,fang.com
众安汇尊温泉度假村,商业,临安,临安城区,杭州,fang.com
安吉怡园养身度假公寓,商业,临安,青山湖,杭州,fang.com
宝龙旭辉城商住楼,商业,临安,青山湖,杭州,fang.com
东湖云杉郡,商业,临平,东湖,杭州,fang.com
和合财富中心商住楼,商业,临平,东湖,杭州,fang.com
珑昕泽第商住楼,商业,临平,东湖,杭州,fang.com
万宝城,商业,临平,临平,杭州,fang.com
东湖公寓,商业,临平,临平,杭州,fang.com
鼎和金座,商业,临平,临平,杭州,fang.com
都市港湾,商业,临平,临平,杭州,fang.com
德雅金座,商业,临平,临平,杭州,fang.com
e世纪都市知音公寓,商业,临平,临平,杭州,fang.com
朗诗枫荟,商业,临平,临平,杭州,fang.com
玖玖国际财富中心,商业,临平,临平,杭州,fang.com
时间名座酒店式公寓,商业,临平,临平,杭州,fang.com
碧云阁公寓,商业,临平,临平,杭州,fang.com
博爱家园,商业,临平,临平,杭州,fang.com
城佳公寓,商业,临平,临平,杭州,fang.com
谛都科技城商住楼,商业,临平,临平,杭州,fang.com
东湖云杉郡公寓,商业,临平,临平,杭州,fang.com
荷花塘小区,商业,临平,临平,杭州,fang.com
华源天盛中心,商业,临平,临平,杭州,fang.com
海联云客里,商业,临平,临平,杭州,fang.com
金世纪星都家园,商业,临平,临平,杭州,fang.com
金世纪运河丽都,商业,临平,临平,杭州,fang.com
玖玖国际公寓,商业,临平,临平,杭州,fang.com
康佳公寓,商业,临平,临平,杭州,fang.com
临平山庄,商业,临平,临平,杭州,fang.com
绿茶公寓,商业,临平,临平,杭州,fang.com
龙王公寓,商业,临平,临平,杭州,fang.com
龙皇公寓,商业,临平,临平,杭州,fang.com
藕花洲公寓,商业,临平,临平,杭州,fang.com
藕花洲大街389号,商业,临平,临平,杭州,fang.com
瓶山公寓,商业,临平,临平,杭州,fang.com
四维公寓,商业,临平,临平,杭州,fang.com
树兰书香名邸(商住楼),商业,临平,临平,杭州,fang.com
铁流公寓,商业,临平,临平,杭州,fang.com
肖家弄公寓,商业,临平,临平,杭州,fang.com
赞成檀府商住楼,商业,临平,临平,杭州,fang.com
风景晨园商住楼,商业,临平,乔司,杭州,fang.com
风景晨园公寓,商业,临平,乔司,杭州,fang.com
金宏花苑,商业,临平,乔司,杭州,fang.com
九杭花园酒店,商业,临平,乔司,杭州,fang.com
品立方,商业,临平,乔司,杭州,fang.com
乔莫西路158号商住楼,商业,临平,乔司,杭州,fang.com
商贸苑小区(商住楼),商业,临平,乔司,杭州,fang.com
兴安公寓,商业,临平,乔司,杭州,fang.com
永顺三好大厦,商业,临平,乔司,杭州,fang.com
赞成首府公寓,商业,临平,乔司,杭州,fang.com
华元欢乐城公寓,商业,临平,南苑,杭州,fang.com
美莱国际中心公寓,商业,临平,南苑,杭州,fang.com
滨耀城,商业,临平,南苑,杭州,fang.com
富邦星座,商业,临平,南苑,杭州,fang.com
新远金座公寓,商业,临平,南苑,杭州,fang.com
CBC时代大观,商业,临平,南苑,杭州,fang.com
鼎盛大厦,商业,临平,南苑,杭州,fang.com
好望公寓,商业,临平,南苑,杭州,fang.com
华元欢乐城写字楼,写字楼,临平,南苑,杭州,fang.com
寰汇,商业,临平,南苑,杭州,fang.com
华元欢乐城商住楼,商业,临平,南苑,杭州,fang.com
联城公寓,商业,临平,南苑,杭州,fang.com
临平芳满庭商住楼,商业,临平,南苑,杭州,fang.com
临平西子国际,商业,临平,南苑,杭州,fang.com
理想银泰城公寓,商业,临平,南苑,杭州,fang.com
时代大观CBC,商业,临平,南苑,杭州,fang.com
世纪金座,商业,临平,南苑,杭州,fang.com
燕南苑,商业,临平,南苑,杭州,fang.com
浙商开元名都祺寓,商业,临平,南苑,杭州,fang.com
中顺新澜悦,商业,临平,南苑,杭州,fang.com
中骏鼎湖未来云城商住楼,商业,临平,南苑,杭州,fang.com
远华佳域商务中心,商业,临平,南苑街道临乔路以,杭州,fang.com
美致生活广场公寓,商业,临平,塘栖,杭州,fang.com
欣北钱江国际广场,商业,临平,塘栖,杭州,fang.com
金宸金座,商业,临平,塘栖,杭州,fang.com
微时代城公寓,商业,临平,塘栖,杭州,fang.com
贝利栖溪公馆商住楼,商业,临平,塘栖,杭州,fang.com
贝利栖溪望府商住楼,商业,临平,塘栖,杭州,fang.com
北郡中央公馆,商业,临平,塘栖,杭州,fang.com
创智金宸酒店式公寓,商业,临平,塘栖,杭州,fang.com
诚明诚品,商业,临平,塘栖,杭州,fang.com
杭州美致生活广场商住楼,商业,临平,塘栖,杭州,fang.com
栖水珑庭,商业,临平,塘栖,杭州,fang.com
钱江星河商业广场,商业,临平,塘栖,杭州,fang.com
群升万国城,商业,临平,塘栖,杭州,fang.com
金石华城,商业,临平,塘栖,杭州,fang.com
万华1号写字楼,写字楼,临平,塘栖,杭州,fang.com
万华in工坊,商业,临平,塘栖,杭州,fang.com
万国城,商业,临平,塘栖,杭州,fang.com
万盛商贸城公寓,商业,临平,塘栖,杭州,fang.com
微时代城,商业,临平,塘栖,杭州,fang.com
向阳小区,商业,临平,塘栖,杭州,fang.com
欣北钱江国际广场酒店式公寓,商业,临平,塘栖,杭州,fang.com
远景城市e谷,商业,临平,塘栖,杭州,fang.com
崇贤上亿广场,商业,临平,崇贤,杭州,fang.com
上亿广场钻石公馆,商业,临平,崇贤,杭州,fang.com
富春崇贤金属港,商业,临平,崇贤,杭州,fang.com
四维金座,商业,临平,崇贤,杭州,fang.com
星海云庭,商业,临平,崇贤,杭州,fang.com
运河赋,商业,临平,崇贤,杭州,fang.com
赞红星座,商业,临平,崇贤,杭州,fang.com
天都城天湖苑,商业,临平,星桥,杭州,fang.com
悦泽公寓,商业,临平,星桥,杭州,fang.com
华艺星座,商业,临平,星桥,杭州,fang.com
天泉华苑,商业,临平,星桥,杭州,fang.com
天都城创意中心,商业,临平,星桥,杭州,fang.com
星麓·七彩小镇,商业,临平,星桥,杭州,fang.com
悦恺公寓,商业,临平,星桥,杭州,fang.com
力达易居时代,商业,临平,运河新城,杭州,fang.com
通运华庭商住楼,商业,余杭,万达,杭州,fang.com
仁和金鼎公寓,商业,余杭,仁和,杭州,fang.com
耀达仁和印象,商业,余杭,仁和,杭州,fang.com
耀达金鼎阳光,商业,余杭,仁和,杭州,fang.com
北辰金座,商业,余杭,仁和,杭州,fang.com
城西宝龙广场,商业,余杭,仓前,杭州,fang.com
万通时尚公馆商住楼,商业,余杭,仓前,杭州,fang.com
德信杭州ONE公寓,商业,余杭,勾庄,杭州,fang.com
正易上塘春苑公寓,商业,余杭,勾庄,杭州,fang.com
北庭铭座,商业,余杭,勾庄,杭州,fang.com
G5创艺工坊,商业,余杭,勾庄,杭州,fang.com
好运商业大厦,商业,余杭,勾庄,杭州,fang.com
金恒路68号小区,商业,余杭,勾庄,杭州,fang.com
天阳棕榈湾二期,商业,余杭,勾庄,杭州,fang.com
星创城商住楼,商业,余杭,勾庄,杭州,fang.com
正易上塘春苑,商业,余杭,勾庄,杭州,fang.com
复泰雅宸华庭商住楼,商业,余杭,径山,杭州,fang.com
竹海雅苑,商业,余杭,径山,杭州,fang.com
郎诗枫荟,商业,余杭,星桥,杭州,fang.com
欧美金融城公寓,商业,余杭,未来科技城,杭州,fang.com
华夏之心公寓,商业,余杭,未来科技城,杭州,fang.com
奥克斯中心,商业,余杭,未来科技城,杭州,fang.com
美林公馆,商业,余杭,未来科技城,杭州,fang.com
欧美金融城(EFC)商住楼,商业,余杭,未来科技城,杭州,fang.com
天贸广场酒店式公寓,商业,余杭,未来科技城,杭州,fang.com
富力十号朗悦居(商住楼),商业,余杭,未来科技城,杭州,fang.com
理想西溪金座公寓,商业,余杭,未来科技城,杭州,fang.com
西溪润景公寓,商业,余杭,未来科技城,杭州,fang.com
西溪美岸公寓,商业,余杭,未来科技城,杭州,fang.com
北大资源未名府商住楼,商业,余杭,未来科技城,杭州,fang.com
八方城,商业,余杭,未来科技城,杭州,fang.com
北大资源未名府公寓,商业,余杭,未来科技城,杭州,fang.com
博雅城,商业,余杭,未来科技城,杭州,fang.com
C.C.TOWN西溪堂公寓,商业,余杭,未来科技城,杭州,fang.com
创客空间公寓,商业,余杭,未来科技城,杭州,fang.com
鼎创财富中心商住楼,商业,余杭,未来科技城,杭州,fang.com
飞鸟客,商业,余杭,未来科技城,杭州,fang.com
飞鸟客公寓,商业,余杭,未来科技城,杭州,fang.com
杭州未来广场,商业,余杭,未来科技城,杭州,fang.com
捷瑞达瑞谷中心,商业,余杭,未来科技城,杭州,fang.com
捷瑞达瑞谷公寓,商业,余杭,未来科技城,杭州,fang.com
名都西雅城,商业,余杭,未来科技城,杭州,fang.com
尚越海创绿谷公寓,商业,余杭,未来科技城,杭州,fang.com
盛奥铭座,商业,余杭,未来科技城,杭州,fang.com
五迪中心,商业,余杭,未来科技城,杭州,fang.com
万利大厦公寓,商业,余杭,未来科技城,杭州,fang.com
五迪中心公寓,商业,余杭,未来科技城,杭州,fang.com
未来里,商业,余杭,未来科技城,杭州,fang.com
未来大观,商业,余杭,未来科技城,杭州,fang.com
西溪泊岸,商业,余杭,未来科技城,杭州,fang.com
西溪蓝海城商住楼,商业,余杭,未来科技城,杭州,fang.com
西溪美岸,商业,余杭,未来科技城,杭州,fang.com
西溪蓝海公寓,商业,余杭,未来科技城,杭州,fang.com
西溪永乐城公寓,商业,余杭,未来科技城,杭州,fang.com
中新大厦酒店式公寓,商业,余杭,未来科技城,杭州,fang.com
中南未来里,商业,余杭,未来科技城,杭州,fang.com
杭州西溪CitiGO欢阁公寓酒店,商业,余杭,未来科技城,杭州,fang.com
华达汇观山花苑,商业,余杭,瓶窑,杭州,fang.com
华盛双溪假日,商业,余杭,瓶窑,杭州,fang.com
华兴公寓,商业,余杭,瓶窑,杭州,fang.com
IOT未来城,商业,余杭,瓶窑,杭州,fang.com
星创新里程公寓,商业,余杭,老余杭,杭州,fang.com
西园凤都苑,商业,余杭,老余杭,杭州,fang.com
恒合金座,商业,余杭,老余杭,杭州,fang.com
嘉合未来金座,商业,余杭,老余杭,杭州,fang.com
锦绣时代,商业,余杭,老余杭,杭州,fang.com
金顺锦绣时代中心,商业,余杭,老余杭,杭州,fang.com
老余杭金源公寓,商业,余杭,老余杭,杭州,fang.com
星创新里程,商业,余杭,老余杭,杭州,fang.com
国际建材装饰城,商业,余杭,老余杭,杭州,fang.com
港郦中心公寓,商业,余杭,老余杭,杭州,fang.com
广都·万佳居商住楼,商业,余杭,老余杭,杭州,fang.com
锦绣时代中心,商业,余杭,老余杭,杭州,fang.com
快乐大厦,商业,余杭,老余杭,杭州,fang.com
森淼径香苑,商业,余杭,老余杭,杭州,fang.com
山川公寓,商业,余杭,老余杭,杭州,fang.com
通怡花园,商业,余杭,老余杭,杭州,fang.com
西房经金星花园,商业,余杭,老余杭,杭州,fang.com
紫祥公寓,商业,余杭,老余杭,杭州,fang.com
奥克斯缔逸城公寓,商业,余杭,良渚,杭州,fang.com
良渚文化村白鹭郡南,商业,余杭,良渚,杭州,fang.com
地铁万科杭行道,商业,余杭,良渚,杭州,fang.com
杭州金地广场,商业,余杭,良渚,杭州,fang.com
南北盛德国际酒店式公寓,商业,余杭,良渚,杭州,fang.com
迪凯运河印象,商业,余杭,良渚,杭州,fang.com
良渚花苑新村,商业,余杭,良渚,杭州,fang.com
万科劝学里,商业,余杭,良渚,杭州,fang.com
万科未来之光公寓,商业,余杭,良渚,杭州,fang.com
远大金地中心,商业,余杭,良渚,杭州,fang.com
奥克斯缔逸城商住楼,商业,余杭,良渚,杭州,fang.com
奥克斯缔逸城(商住楼),商业,余杭,良渚,杭州,fang.com
嘉运大厦商住楼,商业,余杭,良渚,杭州,fang.com
欧文大厦公寓,商业,余杭,良渚,杭州,fang.com
欧文大厦,商业,余杭,良渚,杭州,fang.com
起梦科创园,商业,余杭,良渚,杭州,fang.com
随园嘉树,商业,余杭,良渚,杭州,fang.com
上亿SOHO,商业,余杭,良渚,杭州,fang.com
万科杭行道商住楼,商业,余杭,良渚,杭州,fang.com
亿丰时代广场酒店式公寓,商业,余杭,良渚,杭州,fang.com
Yhome公寓,商业,余杭,良渚,杭州,fang.com
远大金地中心公寓,商业,余杭,良渚,杭州,fang.com
紫塍路36号小区,商业,余杭,良渚,杭州,fang.com
华元西溪欢乐城,商业,余杭,闲林,杭州,fang.com
人和家园,商业,余杭,闲林,杭州,fang.com
绿城和庐公寓,商业,余杭,闲林,杭州,fang.com
香洲里公寓,商业,余杭,闲林,杭州,fang.com
西溪阳光,商业,余杭,闲林,杭州,fang.com
邦帮金座,商业,余杭,闲林,杭州,fang.com
方家山公寓,商业,余杭,闲林,杭州,fang.com
丰岭路26号办公楼,商业,余杭,闲林,杭州,fang.com
宏丰景观公寓,商业,余杭,闲林,杭州,fang.com
靖源国际,商业,余杭,闲林,杭州,fang.com
乐天城,商业,余杭,闲林,杭州,fang.com
良睦路409号,商业,余杭,闲林,杭州,fang.com
石油地质勘探小区,商业,余杭,闲林,杭州,fang.com
盛雅公寓,商业,余杭,闲林,杭州,fang.com
未来七彩小镇公寓,商业,余杭,闲林,杭州,fang.com
未来窗大楼,商业,余杭,闲林,杭州,fang.com
新都公寓,商业,余杭,闲林,杭州,fang.com
消防宿舍,商业,余杭,闲林,杭州,fang.com
西溪乐天城公寓,商业,余杭,闲林,杭州,fang.com
西溪曼哈顿,商业,余杭,闲林,杭州,fang.com
西溪曼哈顿公寓,商业,余杭,闲林,杭州,fang.com
悦汀蓝(商住楼),商业,余杭,闲林,杭州,fang.com
春城大厦,商业,富阳,东洲,杭州,fang.com
富阳财富中心,商业,富阳,东洲,杭州,fang.com
杭州天安富春硅谷,商业,富阳,东洲,杭州,fang.com
城东迎宾商城,商业,富阳,富春,杭州,fang.com
富阳东海石油大厦,商业,富阳,富春,杭州,fang.com
中光花园,商业,富阳,富春,杭州,fang.com
九龙山庄,商业,富阳,富阳,杭州,fang.com
泰禾野风大城小院公寓,商业,富阳,富阳,杭州,fang.com
山水国际商住楼,商业,富阳,富阳,杭州,fang.com
未未来,商业,富阳,富阳,杭州,fang.com
容大五环城市花园,商业,富阳,富阳,杭州,fang.com
百合新城,商业,富阳,富阳,杭州,fang.com
百合景苑,商业,富阳,富阳,杭州,fang.com
春江花园,商业,富阳,富阳,杭州,fang.com
东吴孙权商厦,商业,富阳,富阳,杭州,fang.com
东吴商城,商业,富阳,富阳,杭州,fang.com
富宸嘉苑,商业,富阳,富阳,杭州,fang.com
凤凰小区,商业,富阳,富阳,杭州,fang.com
富阳宝龙城市广场,商业,富阳,富阳,杭州,fang.com
富阳乐汇城,商业,富阳,富阳,杭州,fang.com
富春新天地商住楼,商业,富阳,富阳,杭州,fang.com
富春港公寓,商业,富阳,富阳,杭州,fang.com
富春江南公寓,商业,富阳,富阳,杭州,fang.com
富景都会公寓,商业,富阳,富阳,杭州,fang.com
富宸江滨18号公馆,商业,富阳,富阳,杭州,fang.com
富邦中央公馆,商业,富阳,富阳,杭州,fang.com
高科商业中心,商业,富阳,富阳,杭州,fang.com
海陆星光园,商业,富阳,富阳,杭州,fang.com
金牛铭座,商业,富阳,富阳,杭州,fang.com
清风万和苑,商业,富阳,富阳,杭州,fang.com
清源上林湖(公寓住宅),住宅,富阳,富阳,杭州,fang.com
水岸青云,商业,富阳,富阳,杭州,fang.com
天河花苑,商业,富阳,富阳,杭州,fang.com
天河公寓,商业,富阳,富阳,杭州,fang.com
泰禾野风大城小院(商住楼),商业,富阳,富阳,杭州,fang.com
万科大家九都会商住楼,商业,富阳,富阳,杭州,fang.com
现代肖邦,商业,富阳,富阳,杭州,fang.com
阳光城檀瑞府商住楼,商业,富阳,富阳,杭州,fang.com
正和富春港,商业,富阳,富阳,杭州,fang.com
紫云山庄,商业,富阳,银湖,杭州,fang.com
富春硅谷写字楼,写字楼,富阳,银湖,杭州,fang.com
五月香山,商业,富阳,银湖,杭州,fang.com
富春硅谷公寓,商业,富阳,银湖,杭州,fang.com
德信奥体之星,商业,富阳,银湖,杭州,fang.com
光谷国际中心,商业,富阳,银湖,杭州,fang.com
绿城·西溪深蓝,商业,富阳,银湖,杭州,fang.com
美和院soho,商业,富阳,银湖,杭州,fang.com
美和院(商住楼),商业,富阳,银湖,杭州,fang.com
西湖山度假村,商业,富阳,银湖,杭州,fang.com
东洲商务公寓,商业,建德,建德,杭州,fang.com
东都城市家园,商业,建德,建德,杭州,fang.com
建德八佰伴购物中心,商业,建德,建德,杭州,fang.com
东方巴黎城,商业,建德,建德,杭州,fang.com
广场公寓,商业,建德,建德,杭州,fang.com
拱新公寓,商业,建德,建德,杭州,fang.com
广信商务公寓,商业,建德,建德,杭州,fang.com
广元雅星公寓,商业,建德,建德,杭州,fang.com
华庭嘉寓,商业,建德,建德,杭州,fang.com
金山湾公寓东苑,商业,建德,建德,杭州,fang.com
金山湾公寓西苑,商业,建德,建德,杭州,fang.com
建煌公寓,商业,建德,建德,杭州,fang.com
江南公寓,商业,建德,建德,杭州,fang.com
金阳光大厦,商业,建德,建德,杭州,fang.com
留星公寓,商业,建德,建德,杭州,fang.com
时代商寓,商业,建德,建德,杭州,fang.com
香村公寓,商业,建德,建德,杭州,fang.com
西湖山公寓,商业,建德,建德,杭州,fang.com
新广商寓,商业,建德,建德,杭州,fang.com
新天地商住楼,商业,建德,建德,杭州,fang.com
喜洋洋·万嘉广场,商业,建德,建德,杭州,fang.com
雅星公寓,商业,建德,建德,杭州,fang.com
半岛山庄,商业,建德,新安江,杭州,fang.com
环境保护大楼,商业,建德,新安江,杭州,fang.com
江和城商住楼,商业,建德,新安江,杭州,fang.com
曙光商厦,商业,建德,新安江,杭州,fang.com
云龙建设大厦,商业,建德,新安江,杭州,fang.com
银河大厦,商业,建德,新安江,杭州,fang.com
浙西商厦,商业,建德,新安江,杭州,fang.com
桐庐世贸大厦,商业,桐庐,桐庐,杭州,fang.com
滨江花园,商业,桐庐,桐庐,杭州,fang.com
东方君兰中心,商业,桐庐,桐庐,杭州,fang.com
东方君兰,商业,桐庐,桐庐,杭州,fang.com
蜂业楼,商业,桐庐,桐庐,杭州,fang.com
格林花园,商业,桐庐,桐庐,杭州,fang.com
海陆世贸中心,商业,桐庐,桐庐,杭州,fang.com
华光公寓商住楼,商业,桐庐,桐庐,杭州,fang.com
华桐大厦商住楼,商业,桐庐,桐庐,杭州,fang.com
锦都名苑,商业,桐庐,桐庐,杭州,fang.com
金久城市花园商住楼,商业,桐庐,桐庐,杭州,fang.com
建达商厦,商业,桐庐,桐庐,杭州,fang.com
锦城风华苑,商业,桐庐,桐庐,杭州,fang.com
凯旋公馆,商业,桐庐,桐庐,杭州,fang.com
力雅广场,商业,桐庐,桐庐,杭州,fang.com
力雅广场公寓,商业,桐庐,桐庐,杭州,fang.com
立山公寓商住楼,商业,桐庐,桐庐,杭州,fang.com
美凯西姆国际寓所,商业,桐庐,桐庐,杭州,fang.com
宋都桐江花园商住楼,商业,桐庐,桐庐,杭州,fang.com
宋都·桐江花园商住楼,商业,桐庐,桐庐,杭州,fang.com
山水公寓商住楼,商业,桐庐,桐庐,杭州,fang.com
桐庐聆江景苑,商业,桐庐,桐庐,杭州,fang.com
桐庐时代广场,商业,桐庐,桐庐,杭州,fang.com
桐庐中欧城,商业,桐庐,桐庐,杭州,fang.com
文辉商住楼商住楼,商业,桐庐,桐庐,杭州,fang.com
鑫龙商贸城,商业,桐庐,桐庐,杭州,fang.com
下轮公寓,商业,桐庐,桐庐,杭州,fang.com
秀水公寓(商住楼),商业,桐庐,桐庐,杭州,fang.com
云庐新天地商住楼,商业,桐庐,桐庐,杭州,fang.com
中大景秀广场,商业,桐庐,桐庐,杭州,fang.com
中大公寓,商业,桐庐,桐庐,杭州,fang.com
千岛湖度假公寓,商业,淳安,千岛湖,杭州,fang.com
佰澜国际,商业,淳安,千岛湖,杭州,fang.com
创富诚品,商业,淳安,千岛湖,杭州,fang.com
方邦望湖国际商住楼,商业,淳安,千岛湖,杭州,fang.com
金色阳光,商业,淳安,千岛湖,杭州,fang.com
开元度假村,商业,淳安,千岛湖,杭州,fang.com
丽湖馨居商住楼,商业,淳安,千岛湖,杭州,fang.com
玲珑湾商住楼,商业,淳安,千岛湖,杭州,fang.com
睦州大道517号小区,商业,淳安,千岛湖,杭州,fang.com
千岛湖清波花园,商业,淳安,千岛湖,杭州,fang.com
清溪大道1118号小区,商业,淳安,千岛湖,杭州,fang.com
清溪新城装饰市场,商业,淳安,千岛湖,杭州,fang.com
千岛湖科技创业园,商业,淳安,千岛湖,杭州,fang.com
阳光水岸度假公寓,商业,淳安,千岛湖,杭州,fang.com
珍珠大道1289号小区,商业,淳安,千岛湖,杭州,fang.com
滨文苑,商业,滨江,浦沿,杭州,fang.com
世茂之西湖茂御居,商业,滨江,浦沿,杭州,fang.com
逸天广场公寓,商业,滨江,浦沿,杭州,fang.com
龙禧大酒店公寓,商业,滨江,浦沿,杭州,fang.com
海威领界商住楼,商业,滨江,浦沿,杭州,fang.com
风尚蓝湾,商业,滨江,浦沿,杭州,fang.com
龙禧硅谷酒店广场,商业,滨江,浦沿,杭州,fang.com
积家(商住楼),商业,滨江,浦沿,杭州,fang.com
积家公寓,商业,滨江,浦沿,杭州,fang.com
潮人汇,商业,滨江,浦沿,杭州,fang.com
超级星期天公寓商住楼,商业,滨江,浦沿,杭州,fang.com
超级星期天,商业,滨江,浦沿,杭州,fang.com
国信嘉园商住楼,商业,滨江,浦沿,杭州,fang.com
观邸国际公寓商住楼,商业,滨江,浦沿,杭州,fang.com
江南商业大厦,商业,滨江,浦沿,杭州,fang.com
龙禧国际,商业,滨江,浦沿,杭州,fang.com
龙禧公寓,商业,滨江,浦沿,杭州,fang.com
龙禧硅谷广场公寓,商业,滨江,浦沿,杭州,fang.com
绿城蔚蓝国际,商业,滨江,浦沿,杭州,fang.com
英冠绿城·春来晴翠商住楼,商业,滨江,浦沿,杭州,fang.com
钱塘山水商住楼,商业,滨江,浦沿,杭州,fang.com
荣盛·江荣府商住楼,商业,滨江,浦沿,杭州,fang.com
盛元慧谷(商住楼),商业,滨江,浦沿,杭州,fang.com
太阳国际公寓,商业,滨江,浦沿,杭州,fang.com
天鸿君邑公寓,商业,滨江,浦沿,杭州,fang.com
太阳国际公寓(商住楼),商业,滨江,浦沿,杭州,fang.com
银杏汇,商业,滨江,浦沿,杭州,fang.com
知本大厦,商业,滨江,浦沿,杭州,fang.com
志成大厦,商业,滨江,浦沿,杭州,fang.com
志成广场御江月,商业,滨江,浦沿,杭州,fang.com
杭州印公寓,商业,滨江,滨盛,杭州,fang.com
星光国际公馆,商业,滨江,滨盛,杭州,fang.com
江滨澜廷酒店式公寓,商业,滨江,滨盛,杭州,fang.com
印月尚庭,商业,滨江,滨盛,杭州,fang.com
钱塘之星,商业,滨江,滨盛,杭州,fang.com
杭州滨江宝龙城市广场,商业,滨江,滨盛,杭州,fang.com
江锦国际,商业,滨江,滨盛,杭州,fang.com
兴耀星澜之城,商业,滨江,滨盛,杭州,fang.com
中南公寓,商业,滨江,滨盛,杭州,fang.com
汉峰写字楼,写字楼,滨江,滨盛,杭州,fang.com
东和时代,商业,滨江,滨盛,杭州,fang.com
杭州壹号院商住楼,商业,滨江,滨盛,杭州,fang.com
杭州滨江宝龙城市广场公寓,商业,滨江,滨盛,杭州,fang.com
君尚金座酒店式公寓,商业,滨江,滨盛,杭州,fang.com
凯瑞金座公寓,商业,滨江,滨盛,杭州,fang.com
星耀城,商业,滨江,滨盛,杭州,fang.com
汉峰,商业,滨江,滨盛,杭州,fang.com
双城国际,商业,滨江,滨盛,杭州,fang.com
江澜云境阁,商业,滨江,滨盛,杭州,fang.com
绿地旭辉城商住楼,商业,滨江,滨盛,杭州,fang.com
钱龙名汇公馆,商业,滨江,滨盛,杭州,fang.com
半岛国际商住楼,商业,滨江,滨盛,杭州,fang.com
博风创意大厦,商业,滨江,滨盛,杭州,fang.com
滨悦城商住楼,商业,滨江,滨盛,杭州,fang.com
东和时代写字楼,写字楼,滨江,滨盛,杭州,fang.com
江滨澜廷写字楼商住楼,写字楼,滨江,滨盛,杭州,fang.com
绿地旭辉城峰汇,商业,滨江,滨盛,杭州,fang.com
隆和国际商住楼,商业,滨江,滨盛,杭州,fang.com
润和信雅达国际—钱塘一号,商业,滨江,滨盛,杭州,fang.com
省水电新村一区,商业,滨江,滨盛,杭州,fang.com
省水电新村二区,商业,滨江,滨盛,杭州,fang.com
省水电新村三区,商业,滨江,滨盛,杭州,fang.com
兴耀大厦,商业,滨江,滨盛,杭州,fang.com
新世界柏悦轩,商业,滨江,滨盛,杭州,fang.com
新世界铂悦轩,商业,滨江,滨盛,杭州,fang.com
信达奥体商业中心,商业,滨江,滨盛,杭州,fang.com
中兴大厦,商业,滨江,滨盛,杭州,fang.com
育德大厦,商业,滨江,滨盛,杭州,fang.com
康康谷,商业,滨江,西兴,杭州,fang.com
视界之窗,商业,滨江,西兴,杭州,fang.com
海威新界,商业,滨江,西兴,杭州,fang.com
兴耀鑫都汇,商业,滨江,西兴,杭州,fang.com
兴耀鑫都汇公寓,商业,滨江,西兴,杭州,fang.com
海威天地公寓,商业,滨江,西兴,杭州,fang.com
星耀中心,商业,滨江,西兴,杭州,fang.com
中赢星际,商业,滨江,西兴,杭州,fang.com
玲珑府商住楼,商业,滨江,西兴,杭州,fang.com
玲珑府叮当公寓,商业,滨江,西兴,杭州,fang.com
海威天地,商业,滨江,西兴,杭州,fang.com
江南星座公寓,商业,滨江,西兴,杭州,fang.com
广润西园,商业,滨江,西兴,杭州,fang.com
空分大厦,商业,滨江,西兴,杭州,fang.com
凌海阁,商业,滨江,西兴,杭州,fang.com
玲珑府叮当,商业,滨江,西兴,杭州,fang.com
钱塘春晓大厦,商业,滨江,西兴,杭州,fang.com
铁岭花园商住楼,商业,滨江,西兴,杭州,fang.com
同方燕语林森商住楼,商业,滨江,西兴,杭州,fang.com
兴业嘉园,商业,滨江,西兴,杭州,fang.com
高润云杉郡公寓,商业,滨江,长河,杭州,fang.com
恒鼎博邑郡酒店式公寓,商业,滨江,长河,杭州,fang.com
长河商厦,商业,滨江,长河,杭州,fang.com
滨兴小区东区,商业,滨江,长河,杭州,fang.com
绿城卓越傲旋城商住楼,商业,滨江,长河,杭州,fang.com
现代印象广场,商业,滨江,长河,杭州,fang.com
中赢云际,商业,滨江,长河,杭州,fang.com
德信时代之心公寓,商业,滨江,长河,杭州,fang.com
龙湖郦城公馆,商业,滨江,长河,杭州,fang.com
高润云杉郡,商业,滨江,长河,杭州,fang.com
冠一商贸大厦,商业,滨江,长河,杭州,fang.com
洪都公寓,商业,滨江,长河,杭州,fang.com
孔家里创立方,商业,滨江,长河,杭州,fang.com
龙湖冠寓(浦沿冠),商业,滨江,长河,杭州,fang.com
耶稣园,商业,滨江,长河,杭州,fang.com
清和园,商业,萧山,临浦,杭州,fang.com
都市春天名苑,商业,萧山,临浦,杭州,fang.com
临浦景泰公寓,商业,萧山,临浦,杭州,fang.com
新誉公寓,商业,萧山,临浦,杭州,fang.com
御景蓝湾公寓,商业,萧山,义桥,杭州,fang.com
百年坊步行街,商业,萧山,义桥,杭州,fang.com
金属材料市场宿舍,商业,萧山,义桥,杭州,fang.com
三江明月商住楼,商业,萧山,义桥,杭州,fang.com
北干一苑,商业,萧山,北干,杭州,fang.com
城中花园,商业,萧山,北干,杭州,fang.com
蓝爵国际公寓,商业,萧山,北干,杭州,fang.com
心意广场,商业,萧山,北干,杭州,fang.com
北干二苑,商业,萧山,北干,杭州,fang.com
城北新村,商业,萧山,北干,杭州,fang.com
杭二棉小区,商业,萧山,北干,杭州,fang.com
金地德圣中心公寓,商业,萧山,北干,杭州,fang.com
绿地G合里金宸公寓,商业,萧山,北干,杭州,fang.com
帝凯大厦公寓,商业,萧山,北干,杭州,fang.com
高新科技广场,商业,萧山,北干,杭州,fang.com
广聚公寓,商业,萧山,北干,杭州,fang.com
金鹭银座,商业,萧山,北干,杭州,fang.com
金瑞大厦公寓,商业,萧山,北干,杭州,fang.com
开元名都,商业,萧山,北干,杭州,fang.com
绿都世贸广场公寓,商业,萧山,北干,杭州,fang.com
天汇园星云地带,商业,萧山,北干,杭州,fang.com
西湘公寓,商业,萧山,北干,杭州,fang.com
都市广厦,商业,萧山,北干,杭州,fang.com
高运汇丰大厦,商业,萧山,北干,杭州,fang.com
恒隆广场酒店式公寓,商业,萧山,北干,杭州,fang.com
汇金银座,商业,萧山,北干,杭州,fang.com
汇通大厦公寓,商业,萧山,北干,杭州,fang.com
欢腾国际,商业,萧山,北干,杭州,fang.com
欢腾国际公寓,商业,萧山,北干,杭州,fang.com
金茂大厦公寓楼,商业,萧山,北干,杭州,fang.com
金瑞大厦,商业,萧山,北干,杭州,fang.com
嘉瑞广场,商业,萧山,北干,杭州,fang.com
凯悦公寓,商业,萧山,北干,杭州,fang.com
开元加州阳光商住楼,商业,萧山,北干,杭州,fang.com
绿都世贸广场,商业,萧山,北干,杭州,fang.com
绿地G合里金宸,商业,萧山,北干,杭州,fang.com
莱茵达商厦商住楼,商业,萧山,北干,杭州,fang.com
lse城市生活广场,商业,萧山,北干,杭州,fang.com
宁安小区,商业,萧山,北干,杭州,fang.com
宝盛商住楼,商业,萧山,南阳,杭州,fang.com
德信天空之翼(商住楼),商业,萧山,南阳,杭州,fang.com
嘉裕天城二期商住楼,商业,萧山,坎山,杭州,fang.com
颐和花园,商业,萧山,城厢,杭州,fang.com
金马名仕园,商业,萧山,城厢,杭州,fang.com
绿都嘉丰公馆,商业,萧山,城厢,杭州,fang.com
万向城市花园,商业,萧山,城厢,杭州,fang.com
馨星大厦,商业,萧山,城厢,杭州,fang.com
富地商瑞大厦,商业,萧山,城厢,杭州,fang.com
发展公寓,商业,萧山,城厢,杭州,fang.com
绿都泰富广场,商业,萧山,城厢,杭州,fang.com
丽华公寓,商业,萧山,城厢,杭州,fang.com
南门江住宅区,住宅,萧山,城厢,杭州,fang.com
南江公寓,商业,萧山,城厢,杭州,fang.com
牛脚湾公寓,商业,萧山,城厢,杭州,fang.com
商城东苑,商业,萧山,城厢,杭州,fang.com
新世纪广场,商业,萧山,城厢,杭州,fang.com
怡景公寓,商业,萧山,城厢,杭州,fang.com
城河公寓,商业,萧山,城厢,杭州,fang.com
东门公寓,商业,萧山,城厢,杭州,fang.com
合丰商务楼,商业,萧山,城厢,杭州,fang.com
汇宇大厦,商业,萧山,城厢,杭州,fang.com
华通大厦,商业,萧山,城厢,杭州,fang.com
汇宇智创产业园,商业,萧山,城厢,杭州,fang.com
绿都泰富广场公寓,商业,萧山,城厢,杭州,fang.com
里横河社区,商业,萧山,城厢,杭州,fang.com
绿都玫瑰苑,商业,萧山,城厢,杭州,fang.com
龙发大厦,商业,萧山,城厢,杭州,fang.com
绿城雄凯国际,商业,萧山,城厢,杭州,fang.com
绿城雄凯国际公寓,商业,萧山,城厢,杭州,fang.com
绿都嘉华公馆,商业,萧山,城厢,杭州,fang.com
梦秀公寓,商业,萧山,城厢,杭州,fang.com
南欣公寓,商业,萧山,城厢,杭州,fang.com
南钻广场,商业,萧山,城厢,杭州,fang.com
滨江新城东方名府(商住楼),商业,萧山,宁围,杭州,fang.com
滨江新城东方名府,商业,萧山,宁围,杭州,fang.com
宁安大厦,商业,萧山,宁围,杭州,fang.com
都市阳光广场,商业,萧山,宁围,杭州,fang.com
雷迪森财富中心,商业,萧山,宁围,杭州,fang.com
明华世纪花园,商业,萧山,宁围,杭州,fang.com
南岸明珠,商业,萧山,宁围,杭州,fang.com
滨和印,商业,萧山,宁围,杭州,fang.com
大成名座,商业,萧山,宁围,杭州,fang.com
都市阳光写字楼,写字楼,萧山,宁围,杭州,fang.com
红景·凯丽晶座,商业,萧山,宁围,杭州,fang.com
明江花苑,商业,萧山,宁围,杭州,fang.com
宁安商务公寓,商业,萧山,宁围,杭州,fang.com
宁税小区,商业,萧山,宁围,杭州,fang.com
宁税路649号商住楼,商业,萧山,宁围,杭州,fang.com
霞飞郡公寓,商业,萧山,开发区,杭州,fang.com
百瑞广场,商业,萧山,开发区,杭州,fang.com
乐创城,商业,萧山,开发区,杭州,fang.com
一方大厦,商业,萧山,开发区,杭州,fang.com
乐创城公寓,商业,萧山,开发区,杭州,fang.com
T-ONE潮博商住楼,商业,萧山,开发区,杭州,fang.com
中栋国际公寓,商业,萧山,开发区,杭州,fang.com
潮峰公寓,商业,萧山,开发区,杭州,fang.com
德意中兴广场,商业,萧山,开发区,杭州,fang.com
金一小区,商业,萧山,开发区,杭州,fang.com
明星大厦(萧山),商业,萧山,开发区,杭州,fang.com
御景湾,商业,萧山,新塘,杭州,fang.com
得力云景水榭,商业,萧山,新塘,杭州,fang.com
国潮商务中心,商业,萧山,新塘,杭州,fang.com
杭储公寓,商业,萧山,新塘,杭州,fang.com
南站之翼,商业,萧山,新塘,杭州,fang.com
融创印时代,商业,萧山,新街,杭州,fang.com
永和之星,商业,萧山,新街,杭州,fang.com
东方世贸城,商业,萧山,新街,杭州,fang.com
建境巧克力公馆公寓,商业,萧山,新街,杭州,fang.com
盛达名苑,商业,萧山,新街,杭州,fang.com
新农都物流中心,商业,萧山,新街,杭州,fang.com
众安明彩城公寓,商业,萧山,新街,杭州,fang.com
东方世贸城商住楼,商业,萧山,新街,杭州,fang.com
建境巧克力公馆,商业,萧山,新街,杭州,fang.com
西山公寓,商业,萧山,湘湖,杭州,fang.com
地中海公寓,商业,萧山,湘湖,杭州,fang.com
都会艺境商住楼,商业,萧山,湘湖,杭州,fang.com
都会艺境(商住楼),商业,萧山,湘湖,杭州,fang.com
景泉苑,商业,萧山,湘湖,杭州,fang.com
金融小镇,商业,萧山,湘湖,杭州,fang.com
德信空港城,商业,萧山,瓜沥,杭州,fang.com
汇锦名店广场,商业,萧山,瓜沥,杭州,fang.com
建业银座,商业,萧山,瓜沥,杭州,fang.com
建业金座,商业,萧山,瓜沥,杭州,fang.com
空港新天地,商业,萧山,瓜沥,杭州,fang.com
空港新天地公寓,商业,萧山,瓜沥,杭州,fang.com
豪景城,商业,萧山,萧山其他,杭州,fang.com
金云综合楼,商业,萧山,萧山其他,杭州,fang.com
印澜府,商业,萧山,蜀山,杭州,fang.com
南江商业中心,商业,萧山,蜀山,杭州,fang.com
同进韵动城,商业,萧山,蜀山,杭州,fang.com
朝阳银座公寓,商业,萧山,蜀山,杭州,fang.com
星南站公寓,商业,萧山,蜀山,杭州,fang.com
广悦公寓,商业,萧山,蜀山,杭州,fang.com
金帝文源广场,商业,萧山,蜀山,杭州,fang.com
御湖公馆,商业,萧山,蜀山,杭州,fang.com
御湖公馆公寓,商业,萧山,蜀山,杭州,fang.com
卓华名座,商业,萧山,蜀山,杭州,fang.com
嘉富广场,商业,萧山,蜀山,杭州,fang.com
柳桥南和城,商业,萧山,蜀山,杭州,fang.com
南江商业中心公寓,商业,萧山,蜀山,杭州,fang.com
南润名座公寓,商业,萧山,蜀山,杭州,fang.com
景瑞晴海,商业,萧山,钱江世纪城,杭州,fang.com
观云钱塘城,商业,萧山,钱江世纪城,杭州,fang.com
碧桂园深蓝国际中心,商业,萧山,钱江世纪城,杭州,fang.com
丽晶国际,商业,萧山,钱江世纪城,杭州,fang.com
旭辉和昌都会山商住楼,商业,萧山,钱江世纪城,杭州,fang.com
嘉润公馆,商业,萧山,钱江世纪城,杭州,fang.com
朝龙汇公寓,商业,萧山,钱江世纪城,杭州,fang.com
利一六组,商业,萧山,钱江世纪城,杭州,fang.com
瑰郦中心商住楼,商业,萧山,钱江世纪城,杭州,fang.com
黄龙御玺,商业,萧山,钱江世纪城,杭州,fang.com
万象世界中心,商业,萧山,钱江世纪城,杭州,fang.com
新世界翡俪中心,商业,萧山,钱江世纪城,杭州,fang.com
英冠水天城,商业,萧山,钱江世纪城,杭州,fang.com
宝盛世纪中心,商业,萧山,钱江世纪城,杭州,fang.com
百富联合国际,商业,萧山,钱江世纪城,杭州,fang.com
恒瑞名座,商业,萧山,钱江世纪城,杭州,fang.com
华鸿都会中心,商业,萧山,钱江世纪城,杭州,fang.com
京港国际,商业,萧山,钱江世纪城,杭州,fang.com
世纪晶钻,商业,萧山,钱江世纪城,杭州,fang.com
世华帝宝,商业,萧山,钱江世纪城,杭州,fang.com
御庭园,商业,萧山,钱江世纪城,杭州,fang.com
御金台公寓,商业,萧山,钱江世纪城,杭州,fang.com
众安IOC潮悦公馆,商业,萧山,钱江世纪城,杭州,fang.com
奥体之星,商业,萧山,钱江世纪城,杭州,fang.com
海杰德大厦,商业,萧山,钱江世纪城,杭州,fang.com
京港国际酒店式公寓,商业,萧山,钱江世纪城,杭州,fang.com
O纪元公寓,商业,萧山,钱江世纪城,杭州,fang.com
融泰云臻铭座,商业,萧山,钱江世纪城,杭州,fang.com
山水时代商住楼,商业,萧山,钱江世纪城,杭州,fang.com
山水时代,商业,萧山,钱江世纪城,杭州,fang.com
天林广场,商业,萧山,钱江世纪城,杭州,fang.com
奥体朝龙汇,商业,萧山,钱江世纪城,杭州,fang.com
奥体华悦城,商业,萧山,钱江世纪城,杭州,fang.com
百富联合国际写字楼,写字楼,萧山,钱江世纪城,杭州,fang.com
宝盛世纪中心公寓,商业,萧山,钱江世纪城,杭州,fang.com
保亿绿城奥邸国际商住楼,商业,萧山,钱江世纪城,杭州,fang.com
丰盛大厦公寓,商业,萧山,钱江世纪城,杭州,fang.com
宏扬鲲鹏中心,商业,萧山,钱江世纪城,杭州,fang.com
恒瑞名座写字楼,写字楼,萧山,钱江世纪城,杭州,fang.com
江南铭楼,商业,萧山,钱江世纪城,杭州,fang.com
江南铭楼公寓,商业,萧山,钱江世纪城,杭州,fang.com
江南风尚铭楼,商业,萧山,钱江世纪城,杭州,fang.com
炬日大厦商住楼,商业,萧山,钱江世纪城,杭州,fang.com
龙达国际公馆,商业,萧山,钱江世纪城,杭州,fang.com
丽晶国际公寓,商业,萧山,钱江世纪城,杭州,fang.com
龙湖冠寓(盈丰路店),商业,萧山,钱江世纪城,杭州,fang.com
明华国际,商业,萧山,钱江世纪城,杭州,fang.com
诺德财富中心,商业,萧山,钱江世纪城,杭州,fang.com
三江新村,商业,萧山,闻堰,杭州,fang.com
东方海岸公寓,商业,萧山,闻堰,杭州,fang.com
聚望名座,商业,萧山,闻堰,杭州,fang.com
时代湘湖,商业,萧山,闻堰,杭州,fang.com
博凡·湘湖9号,商业,萧山,闻堰,杭州,fang.com
江南摩卡商务馆,商业,萧山,闻堰,杭州,fang.com
龙山公寓,商业,萧山,闻堰,杭州,fang.com
信鸿花园,商业,西湖,三墩,杭州,fang.com
同仁家园,商业,西湖,三墩,杭州,fang.com
五幸银座,商业,西湖,三墩,杭州,fang.com
杭州香港城公寓,商业,西湖,三墩,杭州,fang.com
丰盛九玺公寓,商业,西湖,三墩,杭州,fang.com
龙湖紫金上城,商业,西湖,三墩,杭州,fang.com
龙湖紫金上城公寓,商业,西湖,三墩,杭州,fang.com
绿城春树云筑,商业,西湖,三墩,杭州,fang.com
西港发展中心,商业,西湖,三墩,杭州,fang.com
西投绿城·云澜谷,商业,西湖,三墩,杭州,fang.com
西投绿城·浙谷深蓝中心,商业,西湖,三墩,杭州,fang.com
浙港城市公馆,商业,西湖,三墩,杭州,fang.com
紫润国际公寓,商业,西湖,三墩,杭州,fang.com
爱尚里商住楼,商业,西湖,三墩,杭州,fang.com
创美华彩国际公寓,商业,西湖,三墩,杭州,fang.com
灯彩公寓,商业,西湖,三墩,杭州,fang.com
E30中心,商业,西湖,三墩,杭州,fang.com
杭三公寓,商业,西湖,三墩,杭州,fang.com
杭州香港城,商业,西湖,三墩,杭州,fang.com
华彩国际公寓,商业,西湖,三墩,杭州,fang.com
汇禾·领府,商业,西湖,三墩,杭州,fang.com
华越商务,商业,西湖,三墩,杭州,fang.com
汇禾领府公寓,商业,西湖,三墩,杭州,fang.com
坚果2.0,商业,西湖,三墩,杭州,fang.com
桔子里,商业,西湖,三墩,杭州,fang.com
爵仕会,商业,西湖,三墩,杭州,fang.com
美都公寓商住楼,商业,西湖,三墩,杭州,fang.com
荣邦嘉华公寓,商业,西湖,三墩,杭州,fang.com
斯坦福平方,商业,西湖,三墩,杭州,fang.com
三墩得康大楼,商业,西湖,三墩,杭州,fang.com
西城博司,商业,西湖,三墩,杭州,fang.com
西港新界公寓,商业,西湖,三墩,杭州,fang.com
西投滨江五幸银座,商业,西湖,三墩,杭州,fang.com
优盟大厦,商业,西湖,三墩,杭州,fang.com
和昌云潮公寓,商业,西湖,之江,杭州,fang.com
蓝城陶然里,商业,西湖,之江,杭州,fang.com
祥生云溪新语商住楼,商业,西湖,之江,杭州,fang.com
之江之芯,商业,西湖,之江,杭州,fang.com
之江门公寓,商业,西湖,之江,杭州,fang.com
杭州之江门,商业,西湖,之江,杭州,fang.com
西湖公馆公寓,商业,西湖,之江,杭州,fang.com
之江长九中心商住楼,商业,西湖,之江,杭州,fang.com
中海黄龙云起三里庐,商业,西湖,九莲,杭州,fang.com
古荡桥,商业,西湖,九莲,杭州,fang.com
教师公寓,商业,西湖,九莲,杭州,fang.com
嘉麦写字楼,写字楼,西湖,九莲,杭州,fang.com
万塘路315号,商业,西湖,九莲,杭州,fang.com
绿城六十七象商住楼,商业,西湖,北山,杭州,fang.com
白沙泉,商业,西湖,北山,杭州,fang.com
达盟山庄商务公寓,商业,西湖,北山,杭州,fang.com
葛岭山庄,商业,西湖,北山,杭州,fang.com
京华科影大厦,商业,西湖,北山,杭州,fang.com
昆仑大厦,商业,西湖,北山,杭州,fang.com
松溪公寓,商业,西湖,北山,杭州,fang.com
文明苑,商业,西湖,北山,杭州,fang.com
武林大厦,商业,西湖,北山,杭州,fang.com
金欣公寓,商业,西湖,古荡,杭州,fang.com
香港城,商业,西湖,古荡,杭州,fang.com
皇朝城市花园,商业,西湖,古荡,杭州,fang.com
黄龙公寓,商业,西湖,古荡,杭州,fang.com
华远大厦,商业,西湖,古荡,杭州,fang.com
康新花园,商业,西湖,古荡,杭州,fang.com
欣园居,商业,西湖,古荡,杭州,fang.com
阳光花园,商业,西湖,古荡,杭州,fang.com
百盛金座,商业,西湖,古荡,杭州,fang.com
古荡小区,商业,西湖,古荡,杭州,fang.com
古南社区,商业,西湖,古荡,杭州,fang.com
荷花苑,商业,西湖,古荡,杭州,fang.com
龙都大厦公寓,商业,西湖,古荡,杭州,fang.com
炮台公寓,商业,西湖,古荡,杭州,fang.com
庆丰村,商业,西湖,古荡,杭州,fang.com
省广电厅宿舍,商业,西湖,古荡,杭州,fang.com
世贸丽晶城望湖苑,商业,西湖,古荡,杭州,fang.com
世贸丽晶城玉泉苑,商业,西湖,古荡,杭州,fang.com
世贸丽晶城宝石苑,商业,西湖,古荡,杭州,fang.com
世贸丽晶城栖霞苑,商业,西湖,古荡,杭州,fang.com
世贸丽晶城EAC公寓,商业,西湖,古荡,杭州,fang.com
圆正西溪宾馆,商业,西湖,古荡,杭州,fang.com
筑品金座,商业,西湖,古荡,杭州,fang.com
紫荆辰光,商业,西湖,古荡,杭州,fang.com
崇文公寓商住楼,商业,西湖,学军,杭州,fang.com
芳草苑,商业,西湖,学军,杭州,fang.com
嘉绿青苑,商业,西湖,文教,杭州,fang.com
蓝海时代国际大厦,商业,西湖,文教,杭州,fang.com
世纪西溪,商业,西湖,文新,杭州,fang.com
天湖公寓,商业,西湖,文新,杭州,fang.com
东海名仕家园商住楼,商业,西湖,文新,杭州,fang.com
金海公寓,商业,西湖,文新,杭州,fang.com
金桂大厦,商业,西湖,文新,杭州,fang.com
荣邦水岸莲花商住楼,商业,西湖,文新,杭州,fang.com
天亿大厦商住楼,商业,西湖,文新,杭州,fang.com
五联东苑,商业,西湖,文新,杭州,fang.com
五联西苑,商业,西湖,文新,杭州,fang.com
文苑公寓,商业,西湖,文新,杭州,fang.com
五洲国际公寓,商业,西湖,文新,杭州,fang.com
西苑小区,商业,西湖,文苑,杭州,fang.com
世纪新城商住楼,商业,西湖,文苑,杭州,fang.com
文华小区,商业,西湖,文苑,杭州,fang.com
浙江财经大学文华校区商住楼,商业,西湖,文苑,杭州,fang.com
益乐新村,商业,西湖,文苑,杭州,fang.com
申瑞国际,商业,西湖,申花,杭州,fang.com
龙申剑桥公社,商业,西湖,申花,杭州,fang.com
同人精华公寓,商业,西湖,申花,杭州,fang.com
瑞博国际,商业,西湖,申花,杭州,fang.com
瑞博国际公寓,商业,西湖,申花,杭州,fang.com
申悦国际,商业,西湖,申花,杭州,fang.com
申悦国际公寓,商业,西湖,申花,杭州,fang.com
三坝公寓,商业,西湖,申花,杭州,fang.com
同人广场,商业,西湖,申花,杭州,fang.com
同人广场写字楼,写字楼,西湖,申花,杭州,fang.com
YOU盘时代公寓,商业,西湖,申花,杭州,fang.com
合生国贸中心公寓,商业,西湖,留下,杭州,fang.com
嘉禾景观公寓商住楼,商业,西湖,留下,杭州,fang.com
钱江银都新座,商业,西湖,留下,杭州,fang.com
启航国际大酒店,商业,西湖,留下,杭州,fang.com
钱江西溪新座商住楼,商业,西湖,留下,杭州,fang.com
西溪壹树公寓,商业,西湖,留下,杭州,fang.com
西溪明园,商业,西湖,留下,杭州,fang.com
西溪路908号办公楼,商业,西湖,留下,杭州,fang.com
蓝城云和里,商业,西湖,祥符,杭州,fang.com
华门自由21世纪公寓,商业,西湖,翠苑,杭州,fang.com
西溪公寓,商业,西湖,翠苑,杭州,fang.com
杭房揽翠,商业,西湖,翠苑,杭州,fang.com
翠苑荟,商业,西湖,翠苑,杭州,fang.com
古荡湾新村,商业,西湖,翠苑,杭州,fang.com
理翔大厦,商业,西湖,翠苑,杭州,fang.com
文亭公寓,商业,西湖,翠苑,杭州,fang.com
耀江文萃苑(商住楼),商业,西湖,翠苑,杭州,fang.com
中冶锦绣公馆商住楼,商业,西湖,翠苑,杭州,fang.com
中治锦绣公馆,商业,西湖,翠苑,杭州,fang.com
杭州泰禾中央广场,商业,西湖,蒋村,杭州,fang.com
金色水岸商务楼,商业,西湖,蒋村,杭州,fang.com
绿城西溪深蓝公寓,商业,西湖,蒋村,杭州,fang.com
茶市新村,商业,西湖,西湖,杭州,fang.com
九溪玫瑰园公寓,商业,西湖,西湖,杭州,fang.com
复地黄龙和山商住楼,商业,西湖,西湖,杭州,fang.com
华元天鹅堡酒店式公寓,商业,西湖,西湖,杭州,fang.com
龙坞茗筑,商业,西湖,西湖,杭州,fang.com
复地黄龙和山,商业,西湖,西湖,杭州,fang.com
黄龙和山公寓,商业,西湖,西湖,杭州,fang.com
华元天鹅堡商住楼,商业,西湖,西湖,杭州,fang.com
九溪渔园,商业,西湖,西湖,杭州,fang.com
九龙苑,商业,西湖,西湖,杭州,fang.com
景灵山庄,商业,西湖,西湖,杭州,fang.com
许家坞,商业,西湖,西湖,杭州,fang.com
西溪君逸汇,商业,西湖,西湖,杭州,fang.com
绿城西溪世纪广场公寓,商业,西湖,西溪,杭州,fang.com
龙湖西溪天街,商业,西湖,西溪,杭州,fang.com
西溪天堂·悦居公寓,商业,西湖,西溪,杭州,fang.com
文天公寓,商业,西湖,西溪,杭州,fang.com
西溪新城市,商业,西湖,西溪,杭州,fang.com
西溪九号,商业,西湖,西溪,杭州,fang.com
诚公馆,商业,西湖,西溪,杭州,fang.com
华策中心公寓,商业,西湖,西溪,杭州,fang.com
泰禾中央广场公寓,商业,西湖,西溪,杭州,fang.com
西溪新天地,商业,西湖,西溪,杭州,fang.com
西溪天堂·悦居,商业,西湖,西溪,杭州,fang.com
西溪周庄,商业,西湖,西溪,杭州,fang.com
西溪九号公寓,商业,西湖,西溪,杭州,fang.com
西溪诚园明礼苑诚公馆,商业,西湖,西溪,杭州,fang.com
云起中心公寓,商业,西湖,西溪,杭州,fang.com
云起中心商住楼,商业,西湖,西溪,杭州,fang.com
涵玉雅筑,商业,西湖,西溪路,杭州,fang.com
钱塘ONE公寓,商业,西湖,转塘,杭州,fang.com
贝利云栖中心,商业,西湖,转塘,杭州,fang.com
美上商业中心,商业,西湖,转塘,杭州,fang.com
星云公寓loft,商业,西湖,转塘,杭州,fang.com
金街美地公寓,商业,西湖,转塘,杭州,fang.com
禹洲滨天地,商业,西湖,转塘,杭州,fang.com
贝利云栖中心公寓,商业,西湖,转塘,杭州,fang.com
星光荟,商业,西湖,转塘,杭州,fang.com
奥莱金街公寓,商业,西湖,转塘,杭州,fang.com
万美摩登中心公寓,商业,西湖,转塘,杭州,fang.com
铂悦城公寓,商业,西湖,转塘,杭州,fang.com
镜象西湖,商业,西湖,转塘,杭州,fang.com
西溪十九府,商业,西湖,转塘,杭州,fang.com
西投滨江云栖名筑,商业,西湖,转塘,杭州,fang.com
之江泰景大厦,商业,西湖,转塘,杭州,fang.com
葛衙庄,商业,西湖,转塘,杭州,fang.com
坤生栖悦,商业,西湖,转塘,杭州,fang.com
小和山林野山居,商业,西湖,转塘,杭州,fang.com
之江潮,商业,西湖,转塘,杭州,fang.com
海陆UN公社,商业,西湖,转塘,杭州,fang.com
美原中心,商业,西湖,转塘,杭州,fang.com
水韵金沙商住楼,商业,西湖,转塘,杭州,fang.com
世腾镜象西湖商住楼,商业,西湖,转塘,杭州,fang.com
象山国际广场写字楼,写字楼,西湖,转塘,杭州,fang.com
西溪十九府公寓,商业,西湖,转塘,杭州,fang.com
星云公寓商住楼,商业,西湖,转塘,杭州,fang.com
西投德信云湖印商住楼,商业,西湖,转塘,杭州,fang.com
樱花小筑商住楼,商业,西湖,转塘,杭州,fang.com
绿园,商业,西湖,黄龙,杭州,fang.com
丁香公寓,商业,西湖,黄龙,杭州,fang.com
黄龙小庄,商业,西湖,黄龙,杭州,fang.com
汇丰公寓,商业,西湖,黄龙,杭州,fang.com
黄龙雅苑公寓,商业,西湖,黄龙,杭州,fang.com
黄龙雅苑商住楼,商业,西湖,黄龙,杭州,fang.com
聚龙大厦公寓,商业,西湖,黄龙,杭州,fang.com
嘉华国际公寓,商业,西湖,黄龙,杭州,fang.com
世贸丽晶城商住楼,商业,西湖,黄龙,杭州,fang.com
保利湾天地,商业,钱塘,下沙江湾,杭州,fang.com
金隅空港公馆,商业,钱塘,下沙江湾,杭州,fang.com
金隅江平观澜商业中心,商业,钱塘,下沙江湾,杭州,fang.com
和达自由港,商业,钱塘,下沙江湾,杭州,fang.com
东尚国际寓所商住楼,商业,钱塘,下沙江湾,杭州,fang.com
金隅江平观澜商业中心公寓,商业,钱塘,下沙江湾,杭州,fang.com
宝龙城市广场商住楼,商业,钱塘,下沙江滨,杭州,fang.com
杭州世茂江滨商业中心,商业,钱塘,下沙江滨,杭州,fang.com
金沙居商住楼,商业,钱塘,下沙江滨,杭州,fang.com
蒲公英天地,商业,钱塘,下沙江滨,杭州,fang.com
云水苑公寓,商业,钱塘,下沙江滨,杭州,fang.com
北银公寓,商业,钱塘,下沙物美,杭州,fang.com
盛泰名都公寓,商业,钱塘,下沙物美,杭州,fang.com
裕园公寓,商业,钱塘,下沙物美,杭州,fang.com
盛泰时代山,商业,钱塘,下沙物美,杭州,fang.com
西子阳光新城,商业,钱塘,下沙物美,杭州,fang.com
元成小时代,商业,钱塘,下沙物美,杭州,fang.com
16街区,商业,钱塘,下沙物美,杭州,fang.com
康莱特公寓,商业,钱塘,下沙物美,杭州,fang.com
艾肯金座,商业,钱塘,下沙物美,杭州,fang.com
东城大厦,商业,钱塘,下沙物美,杭州,fang.com
大都文苑风情商住楼,商业,钱塘,下沙物美,杭州,fang.com
福雷德广场商住楼,商业,钱塘,下沙物美,杭州,fang.com
和达城公寓,商业,钱塘,下沙物美,杭州,fang.com
和达城(商住楼),商业,钱塘,下沙物美,杭州,fang.com
和达城商住楼,商业,钱塘,下沙物美,杭州,fang.com
理想寓金湾公寓,商业,钱塘,下沙物美,杭州,fang.com
盛泰名都中心,商业,钱塘,下沙物美,杭州,fang.com
元成恒盛公寓,商业,钱塘,下沙物美,杭州,fang.com
之江铭楼,商业,钱塘,下沙物美,杭州,fang.com
杭州恒创公寓,商业,钱塘,下沙物美,杭州,fang.com
如意公寓,商业,钱塘,大江东,杭州,fang.com
宝庄公寓,商业,钱塘,大江东,杭州,fang.com
诚盛天际湾,商业,钱塘,大江东,杭州,fang.com
春意江南名邸商住楼,商业,钱塘,大江东,杭州,fang.com
大江东宝龙广场公寓商住楼,商业,钱塘,大江东,杭州,fang.com
德信大江壹号商住楼,商业,钱塘,大江东,杭州,fang.com
大江东宝龙广场(商住楼),商业,钱塘,大江东,杭州,fang.com
东江公寓,商业,钱塘,大江东,杭州,fang.com
富盛公寓,商业,钱塘,大江东,杭州,fang.com
HCC中天纪,商业,钱塘,大江东,杭州,fang.com
江盛公寓,商业,钱塘,大江东,杭州,fang.com
江东壹号,商业,钱塘,大江东,杭州,fang.com
江东壹号公寓,商业,钱塘,大江东,杭州,fang.com
青六商务大厦,商业,钱塘,大江东,杭州,fang.com
文和公寓,商业,钱塘,大江东,杭州,fang.com
万泰华庭,商业,钱塘,大江东,杭州,fang.com
新湾商贸中心,商业,钱塘,大江东,杭州,fang.com
云帆未来社区商住楼,商业,钱塘,大江东,杭州,fang.com
泰美国际大厦,商业,钱塘,金沙湖,杭州,fang.com
金沙湖1号公寓,商业,钱塘,金沙湖,杭州,fang.com
金沙国际公寓,商业,钱塘,金沙湖,杭州,fang.com
四季广场,商业,钱塘,金沙湖,杭州,fang.com
中豪七格,商业,钱塘,金沙湖,杭州,fang.com
东方铭楼,商业,钱塘,金沙湖,杭州,fang.com
郡原蓝湖国际,商业,钱塘,金沙湖,杭州,fang.com
郡原蓝湖国际公寓,商业,钱塘,金沙湖,杭州,fang.com
北苑大厦,商业,钱塘,金沙湖,杭州,fang.com
东部国际商务中心公寓,商业,钱塘,金沙湖,杭州,fang.com
豪汇公馆,商业,钱塘,金沙湖,杭州,fang.com
金沙湖1号,商业,钱塘,金沙湖,杭州,fang.com
金沙世纪,商业,钱塘,金沙湖,杭州,fang.com
龙湖滟澜星座公寓,商业,钱塘,金沙湖,杭州,fang.com
美达晓城天地,商业,钱塘,金沙湖,杭州,fang.com
七格商业大楼,商业,钱塘,金沙湖,杭州,fang.com
松合时代商城公寓,商业,钱塘,金沙湖,杭州,fang.com
松合时代商城,商业,钱塘,金沙湖,杭州,fang.com
头格月雅城,商业,钱塘,金沙湖,杭州,fang.com
吾角商业中心,商业,钱塘,金沙湖,杭州,fang.com
晓城天地,商业,钱塘,金沙湖,杭州,fang.com
中沙金座,商业,钱塘,金沙湖,杭州,fang.com
下沙绿城财通中心,商业,钱塘,金沙湖,杭州,fang.com
